MD1-MPH-AP3,0
S16-02-AP09,1
MD1-MPH-AP2,2
S16-02-AP08,3
MD1-MPH-AP5,4
MD1-MPH-AP4,5
S16-02-AP07,6
S16-02-AP06,7
MD1-MPH-AP7,8
S16-02-AP05,9
MD1-MPH-AP6,10
S16-02-AP04,11
MD1-MPH-AP9,12
MD1-MPH-AP8,13
S16-02-AP02,14
RC3-L10-AP03,15
S16-02-AP01,16
RC3-L10-AP01,17
PGP18-01-AP1,18
PGP18-01-AP2,19
MD4-05-AP09,20
MD1-MPH-AP1,21
MD1-MPH-AP21,22
MD4-05-AP05,23
E6-04-AP03,24
MD4-05-AP06,25
E6-04-AP02,26
RC1B-L1-AP32,27
E6-04-AP01,28
MD4-05-AP07,29
RC1B-L1-AP31,30
MD4-05-AP08,31
RC1B-L1-AP34,32
RC1B-L1-AP33,33
MD4-05-AP02,34
MD4-05-AP03,35
RC1B-L1-AP36,36
MD4-05-AP04,37
RC1B-L1-AP35,38
S8-05-AP02,39
MD6-11-AP09,40
S8-05-AP01,41
S8-05-AP03,42
MD6-11-AP03,43
AH-02-AP03,44
MD6-11-AP02,45
RC1B-L11-AP01,46
MD1-MPH-AP16,47
RC1B-L11-AP02,48
MD1-MPH-AP15,49
MD1-MPH-AP14,50
RC1B-L11-AP03,51
E6-04-AP09,52
E6-04-AP08,53
RC1B-L11-AP04,54
MD1-MPH-AP13,55
MD1-MPH-AP12,56
E6-04-AP07,57
E6-04-AP06,58
MD1-MPH-AP11,59
MD1-MPH-AP10,60
E6-04-AP05,61
E6-04-AP04,62
PGPH15-01-AP03,63
RC3-L10-AP08,64
RC3-L10-AP04,65
RC3-L10-AP05,66
MD6-11-AP01,67
MD6-11-AP19,68
MD6-11-AP17,69
MD6-11-AP16,70
MD6-11-AP15,71
MD6-11-AP13,72
MD6-11-AP12,73
MD6-11-AP11,74
S2-05-AP04,75
KALT-B1-AP01,76
MD6-11-AP10,77
S2-05-AP01,78
KALT-B1-AP07,79
KALT-B1-AP06,80
KALT-B1-AP09,81
KALT-B1-AP08,82
KALT-B1-AP03,83
KALT-B1-AP02,84
KALT-B1-AP05,85
UHALL-07-AP07,86
KALT-B1-AP04,87
UHALL-07-AP01,88
KALT-B1-AP10,89
KALT-B1-AP12,90
KALT-B1-AP11,91
RC1A-L5-AP01,92
RC1A-L5-AP02,93
S16-09-AP13,94
RC1A-L5-AP03,95
RC1A-L5-AP04,96
RC2-L21-AP03,97
YST-03-AP08,98
YST-03-AP09,99
RC2-L21-AP04,100
RC2-L21-AP05,101
RC2-L21-AP06,102
YST-03-AP07,103
RC2-L21-AP07,104
YST-03-AP05,105
YST-03-AP02,106
E4A-03-AP1,107
UHALL-LG-AP05,108
UHALL-LG-AP04,109
PGPH2-02-AP1,110
S17-05-AP03,111
UHALL-LG-AP01,112
ETS-01-AP05,113
S17-05-AP04,114
ETS-01-AP04,115
KEH-02-AP2,116
S17-05-AP01,117
E4A-03-AP3,118
E4A-03-AP2,119
S17-05-AP02,120
PGPH2-02-AP2,121
S17-05-AP07,122
S17-05-AP08,123
KEH-02-AP3,124
S17-05-AP05,125
ETS-01-AP07,126
S17-05-AP06,127
ETS-01-AP06,128
UHALL-LG-AP07,129
KR11-02-AP1,130
E1A-06-AP01,131
RC2-L21-AP01,132
RC2-L21-AP02,133
AP006b.f12b.122c,134
E1A-06-AP10,135
RC1B-L1-AP19,136
THA-04-AP1,137
E1A-06-AP12,138
E1A-06-AP11,139
E1A-06-AP03,140
E1A-06-AP02,141
S10-01-AP8,142
E1A-06-AP05,143
S10-01-AP9,144
E1A-06-AP04,145
S10-02-AP12,146
E1A-06-AP07,147
S10-02-AP13,148
S10-02-AP14,149
E1A-06-AP09,150
S10-02-AP15,151
E1A-06-AP08,152
S10-01-AP2,153
S10-01-AP3,154
S10-01-AP1,155
S10-01-AP6,156
S10-01-AP7,157
S10-01-AP4,158
S16-09-AP01,159
S10-01-AP5,160
YST-03-AP11,161
YST-03-AP12,162
S16-09-AP02,163
EC-L2-AP16,164
S16-09-AP05,165
YST-03-AP10,166
S16-09-AP04,167
EC-L2-AP14,168
EC-L2-AP15,169
EC-L2-AP12,170
S16-09-AP09,171
EC-L2-AP13,172
EC-L2-AP10,173
YST-03-AP19,174
EC-L2-AP11,175
S10-02-AP10,176
YST-03-AP17,177
S10-02-AP11,178
YST-03-AP18,179
YST-03-AP15,180
YST-03-AP16,181
YST-03-AP13,182
YST-03-AP14,183
E1A-06-AP13,184
RC1B-L1-AP20,185
EVAN20-01-AP02,186
EVAN20-01-AP04,187
WS2-06-AP7,188
EVAN20-01-AP05,189
WS2-06-AP6,190
WS2-06-AP5,191
S7-02-AP03,192
WS2-06-AP4,193
S7-02-AP04,194
WS2-06-AP3,195
WS2-06-AP2,196
S7-02-AP01,197
S16-09-AP10,198
S7-02-AP02,199
WS2-06-AP1,200
CDTL-07-AP8,201
RC1A-L15-AP06,202
RC1A-L15-AP07,203
RC1A-L15-AP04,204
AP00a2.ee92.222c,205
RC1A-L15-AP05,206
RC1B-GF-AP01,207
RC1B-GF-AP02,208
RC1B-GF-AP04,209
RC1B-GF-AP08,210
S6-03-AP3,211
SDE2-01-AP4,212
S6-03-AP1,213
S15-06-AP08,214
S6-03-AP2,215
S15-06-AP09,216
S15-06-AP06,217
S15-06-AP07,218
SDE2-01-AP3,219
S15-06-AP04,220
S15-06-AP05,221
S15-06-AP02,222
S15-06-AP03,223
S15-06-AP01,224
E1-07-AP04,225
RC2-L14-AP07,226
E1-07-AP05,227
E1-07-AP06,228
E1-07-AP07,229
E1-07-AP08,230
LT19-02-AP1,231
E1-07-AP09,232
CLIB-03-AP03,233
CLIB-03-AP02,234
CLIB-03-AP05,235
CLIB-03-AP04,236
CLIB-03-AP07,237
E1-07-AP01,238
CLIB-03-AP06,239
E1-07-AP02,240
CLIB-03-AP09,241
E1-07-AP03,242
CLIB-03-AP08,243
AP00a6.cace.eef8,244
CLIB-03-AP01,245
EW1-02-AP1,246
S15-06-AP13,247
S15-06-AP11,248
S15-06-AP12,249
S3-01-AP01,250
E1-07-AP10,251
KRA-01-AP1,252
E1-07-AP11,253
E1-07-AP12,254
S3-01-AP03,255
MD6-04-AP21,256
S3-01-AP04,257
RC2-L14-AP02,258
RC2-L14-AP03,259
RC2-L14-AP04,260
S3-01-AP07,261
RC2-L14-AP05,262
RC2-L14-AP06,263
TLAB-05-AP11,264
TLAB-05-AP15,265
TLAB-05-AP14,266
TLAB-05-AP13,267
TLAB-05-AP12,268
TLAB-05-AP16,269
E4-05-AP02,270
E4-05-AP01,271
S4-02-AP3,272
S4-02-AP4,273
S4-02-AP5,274
E4-05-AP06,275
TLAB-L7-AP02,276
TLAB-L7-AP01,277
E4-05-AP05,278
E4-05-AP04,279
E4-05-AP03,280
MD1-L10-AP1,281
HMK-BLK-D-02-AP10,282
S4-02-AP6,283
S4-02-AP7,284
HMK-BLK-D-02-AP12,285
S4-02-AP8,286
HMK-BLK-D-02-AP03,287
HMK-BLK-D-02-AP02,288
YIH-03-AP10,289
HMK-BLK-D-02-AP04,290
E1A-01-AP1,291
HMK-BLK-D-02-AP06,292
YIH-03-AP11,293
HMK-BLK-D-02-AP09,294
TEMB-B1-AP01,295
HMK-BLK-D-02-AP08,296
YIH-03-AP12,297
MD1-L10-AP6,298
MD1-L10-AP7,299
MD1-L10-AP8,300
MD1-L10-AP9,301
MD6-04-AP17,302
AS8-04-AP20,303
MD6-04-AP19,304
HMK-BLK-D-02-AP01,305
BIZ2-B2-AP01,306
KR14-02-AP02,307
KR14-02-AP01,308
TLAB-L7-AP06,309
TLAB-L7-AP05,310
TLAB-L7-AP04,311
AS8-04-AP25,312
MD6-04-AP12,313
TLAB-L7-AP03,314
MD6-04-AP13,315
AS8-04-AP23,316
AS8-04-AP24,317
TLAB-L7-AP09,318
AS8-04-AP21,319
TLAB-L7-AP08,320
MD6-04-AP15,321
AS8-04-AP22,322
TLAB-L7-AP07,323
MD6-04-AP16,324
AP70e4.22a1.2270,325
CLIB-03-AP14,326
CLIB-03-AP13,327
CLIB-03-AP16,328
MD1-14-AP15,329
CLIB-03-AP15,330
MD1-14-AP16,331
CLIB-03-AP18,332
MD1-14-AP17,333
CLIB-03-AP17,334
MD1-14-AP18,335
MD1-14-AP19,336
CLIB-03-AP19,337
BIZ1-08-AP12,338
BIZ1-08-AP13,339
BIZ1-08-AP11,340
CLIB-03-AP10,341
AS8-04-AP18,342
CLIB-03-AP12,343
CLIB-03-AP11,344
AS8-04-AP19,345
AS8-04-AP17,346
AS8-04-AP14,347
BIZ1-08-AP18,348
BIZ1-08-AP19,349
AS8-04-AP15,350
AS8-04-AP12,351
BIZ1-08-AP16,352
BIZ1-08-AP17,353
AS8-04-AP13,354
AS8-04-AP10,355
AS8-04-AP11,356
BIZ1-08-AP15,357
ENG-CTN-03-AP3,358
ENG-CTN-03-AP7,359
ENG-CTN-03-AP1,360
SCTN-01-AP1,361
HMK-BLK-D-02-AP14,362
MD11-03-AP14,363
BIZ1-08-AP23,364
RC3-L17-AP04,365
HMK-BLK-D-02-AP13,366
BIZ1-08-AP24,367
BIZ1-08-AP21,368
MD11-03-AP12,369
MD11-03-AP13,370
BIZ1-08-AP22,371
CLIB-03-AP21,372
BIZ1-08-AP20,373
CLIB-03-AP20,374
CLIB-03-AP22,375
MD4-05-AP10,376
RC3-L17-AP01,377
MD11-03-AP16,378
RC3-L17-AP02,379
MD11-03-AP17,380
E3-06-AP4,381
E3-06-AP3,382
E3-06-AP6,383
E3-06-AP5,384
E3-06-AP2,385
E3-06-AP1,386
RC3-L24-AP01,387
RC3-L24-AP02,388
RC3-L24-AP03,389
RC3-L24-AP04,390
E4-05-AP40,391
MD6-15-AP5,392
MD6-15-AP2,393
MD6-15-AP8,394
AH-02-AP1,395
MD6-15-AP6,396
MD6-15-AP7,397
SSLS-1M-AP02,398
SSLS-1M-AP03,399
MD6-15-AP1,400
E4-05-AP35,401
E4-05-AP34,402
E4-05-AP33,403
E4-05-AP32,404
E4-05-AP39,405
E4-05-AP38,406
E4-05-AP37,407
E4-05-AP36,408
E4-05-AP31,409
E4-05-AP30,410
BIZ1-08-AP01,411
BIZ1-08-AP02,412
SNRC-05-AP44,413
BIZ1-08-AP09,414
SNRC-05-AP47,415
SNRC-05-AP48,416
BIZ1-08-AP07,417
E4-05-AP29,418
BIZ1-08-AP08,419
BIZ1-08-AP05,420
BIZ1-08-AP06,421
BIZ1-08-AP03,422
E4-05-AP24,423
ERC-01-AP3,424
MD1-L5-AP10,425
E4-05-AP22,426
E4-05-AP27,427
E4-05-AP26,428
E4-05-AP25,429
BIZ1-01-AP11,430
BIZ1-01-AP12,431
BIZ1-01-AP13,432
TLAB-L10-AP10,433
E4-05-AP20,434
BIZ1-01-AP10,435
SNRC-05-AP57,436
SNRC-05-AP58,437
E4-05-AP19,438
ERC-01-AP8,439
ERC-01-AP9,440
E4-05-AP18,441
ERC-01-AP6,442
ERC-01-AP7,443
ERC-01-AP4,444
E4-05-AP13,445
TLAB-L10-AP09,446
E4-05-AP12,447
E4-05-AP11,448
TLAB-L10-AP07,449
E4-05-AP10,450
E4-05-AP17,451
TLAB-L10-AP06,452
E4-05-AP16,453
TLAB-L10-AP05,454
TLAB-L10-AP04,455
E4-05-AP15,456
E4-05-AP14,457
TLAB-L10-AP03,458
S13-04-AP03,459
TLAB-L10-AP02,460
BIZ1-04-AP02,461
BIZ1-01-AP01,462
TLAB-L10-AP01,463
S13-04-AP02,464
BIZ1-04-AP01,465
S13-04-AP01,466
BIZ1-01-AP02,467
BIZ1-01-AP03,468
BIZ1-04-AP06,469
BIZ1-04-AP05,470
S13-04-AP06,471
S13-04-AP05,472
BIZ1-04-AP03,473
S13-04-AP04,474
BIZ1-01-AP08,475
SNRC-05-AP60,476
BIZ1-04-AP09,477
SNRC-05-AP61,478
BIZ1-01-AP09,479
BIZ1-04-AP08,480
BIZ1-04-AP07,481
SNRC-05-AP63,482
BIZ1-01-AP04,483
BIZ1-01-AP05,484
BIZ1-01-AP06,485
BIZ1-01-AP07,486
SNRC-02-AP63,487
MD1-L5-AP16,488
E4-05-AP09,489
E4-05-AP08,490
E4-05-AP07,491
E3-06-AP8,492
MD1-L5-AP12,493
E3-06-AP7,494
MD1-L5-AP11,495
E3-06-AP9,496
BIZ1-04-AP13,497
BIZ1-04-AP12,498
BIZ1-04-AP11,499
BIZ1-04-AP10,500
BIZ1-04-AP17,501
BIZ1-04-AP16,502
BIZ1-04-AP15,503
BIZ1-04-AP14,504
USC-03-AP07,505
USC-03-AP08,506
USC-03-AP09,507
BIZ1-04-AP18,508
USC-03-AP01,509
USC-03-AP02,510
USC-03-AP03,511
USC-03-AP04,512
USC-03-AP05,513
USC-03-AP06,514
CC-02-AP2,515
EA-05-AP20,516
LT17-01-AP1,517
USC-03-AP10,518
USC-03-AP11,519
AP0022.bd1b.b94c,520
USC-03-AP12,521
SNRC-05-AP04,522
USC-03-AP13,523
SNRC-05-AP06,524
USC-03-AP14,525
USC-03-AP15,526
SNRC-05-AP07,527
USC-03-AP16,528
EC-L1-AP9,529
AP843d.c66c.ef92,530
EC-L1-AP8,531
FOD-03-AP1,532
FOD-03-AP2,533
FOD-03-AP3,534
FOD-03-AP4,535
FOD-03-AP5,536
FOD-03-AP6,537
EA-05-AP10,538
RC2-L7-AP03,539
EA-05-AP12,540
RC2-L7-AP06,541
RC2-L7-AP07,542
SNRC-05-AP10,543
FOD-03-AP7,544
EC-L1-AP1,545
EA-05-AP18,546
SNRC-05-AP13,547
FOD-03-AP8,548
EA-05-AP17,549
EC-L1-AP3,550
FOD-03-AP9,551
EC-L1-AP2,552
EA-05-AP19,553
EC-L1-AP5,554
SNRC-05-AP17,555
EA-05-AP14,556
EA-05-AP13,557
EC-L1-AP4,558
SNRC-05-AP18,559
EC-L1-AP7,560
EA-05-AP16,561
SNRC-05-AP19,562
EC-L1-AP6,563
EA-05-AP15,564
E4A-07-AP4,565
BIZ2-B1-AP2,566
E4A-07-AP3,567
E4A-07-AP2,568
BIZ2-B1-AP3,569
E4A-07-AP1,570
SB-L3-AP1,571
SB-L3-AP2,572
EA-05-AP01,573
SNRC-05-AP20,574
SB-L3-AP4,575
AS1-04-AP05,576
MD11-B1-AP05,577
AS1-04-AP04,578
AS1-04-AP03,579
UT25-AUDI2-AP24,580
AS1-04-AP02,581
AS1-04-AP01,582
MD11-B1-AP01,583
MD11-B1-AP02,584
MD11-B1-AP04,585
UT25-AUDI2-AP22,586
AS1-04-AP09,587
UT25-AUDI2-AP23,588
AS1-04-AP08,589
UT25-AUDI2-AP20,590
UT25-AUDI2-AP21,591
AS1-04-AP06,592
UT25-AUDI2-AP15,593
AS1-04-AP16,594
UT25-AUDI2-AP16,595
AS1-04-AP15,596
BB-02-AP8,597
UT25-AUDI2-AP13,598
AS1-04-AP14,599
UT25-AUDI2-AP14,600
AS1-04-AP13,601
UT25-AUDI2-AP19,602
AS1-04-AP12,603
BB-02-AP9,604
AS1-04-AP11,605
UT25-AUDI2-AP17,606
UT25-AUDI2-AP18,607
LT8-01-AP13,608
RC2-L10-AP02,609
RC2-L10-AP01,610
HMK-07-AP04,611
UT25-AUDI2-AP11,612
UT25-AUDI2-AP12,613
AS1-04-AP17,614
UT25-AUDI2-AP10,615
UT25-AUDI2-AP04,616
UT25-AUDI2-AP05,617
UT25-AUDI2-AP02,618
TB-06-AP07,619
UT25-AUDI2-AP03,620
UT25-AUDI2-AP08,621
UT25-AUDI2-AP09,622
AP0462.732e.8438,623
TB-06-AP03,624
UT25-AUDI2-AP06,625
LIB-B1-AP02,626
UT25-AUDI2-AP07,627
LIB-B1-AP01,628
LT8-01-AP06,629
LT8-01-AP07,630
LIB-B1-AP03,631
LT8-01-AP08,632
LT8-01-AP09,633
LT8-01-AP02,634
RC2-L10-AP04,635
LT8-01-AP03,636
LT8-01-AP04,637
RC2-L10-AP06,638
LT8-01-AP05,639
RC2-L10-AP05,640
LT8-01-AP10,641
LT8-01-AP11,642
LT8-01-AP12,643
UT25-AUDI2-AP01,644
E4-03-AP1,645
E4-03-AP2,646
E4-03-AP7,647
E5-01-AP08,648
E4-03-AP3,649
E4-03-AP4,650
E4-03-AP6,651
LT8-01-AP01,652
RVRTB-03-AP1,653
MD10-02-AP3,654
MD10-02-AP6,655
EA-01-AP11,656
EA-01-AP12,657
EA-01-AP10,658
EA-01-AP13,659
I3-01-AP12,660
I3-01-AP11,661
I3-01-AP14,662
I3-01-AP13,663
SNRC-02-AP51,664
I3-01-AP16,665
UCC-02-AP17,666
I3-01-AP15,667
UCC-02-AP18,668
I3-01-AP18,669
SNRC-02-AP53,670
I3-01-AP17,671
UCC-02-AP14,672
SNRC-02-AP54,673
UCC-02-AP16,674
SNRC-02-AP56,675
S14-03-AP05,676
S14-03-AP04,677
I3-01-AP10,678
PGPM-B2-AP2,679
S14-03-AP02,680
PGPM-B2-AP1,681
RC3-L21-AP04,682
SNRC-02-AP41,683
RC3-B-AP10,684
SNRC-02-AP44,685
UCC-02-AP03,686
SNRC-02-AP46,687
UCC-02-AP04,688
SNRC-02-AP45,689
UCC-02-AP05,690
SNRC-02-AP48,691
SNRC-02-AP47,692
I3-01-AP21,693
I3-01-AP20,694
SNRC-02-AP49,695
RC1A-03-AP08,696
RC3-L21-AP02,697
RC3-L21-AP03,698
RC3-L21-AP01,699
LIB-02-AP04,700
MD1-L14-AP3,701
SNRC-05-AP93,702
RC3-B-AP08,703
LIB-02-AP05,704
MD1-L14-AP1,705
RC3-B-AP09,706
RC3-B-AP04,707
RC3-B-AP05,708
RC3-B-AP06,709
AS8-03-AP6,710
AS8-03-AP7,711
RC3-B-AP01,712
MD1-L14-AP9,713
AS8-03-AP8,714
CELS-01-AP2,715
MD1-L14-AP8,716
AS8-03-AP9,717
CELS-01-AP1,718
AS8-03-AP2,719
CELS-01-AP4,720
LIB-02-AP08,721
AS8-03-AP3,722
LIB-02-AP09,723
SNRC-02-AP36,724
AS8-03-AP4,725
LIB-02-AP06,726
SNRC-02-AP39,727
LIB-02-AP07,728
AS8-03-AP5,729
S8-04-AP5,730
SNRC-02-AP19,731
SNRC-02-AP18,732
S8-04-AP7,733
S8-04-AP6,734
MD11-B1-AP12,735
MD11-B1-AP13,736
S8-04-AP3,737
S8-04-AP2,738
MD11-B1-AP15,739
MD11-B1-AP10,740
MD11-B1-AP11,741
S8-04-AP9,742
S8-04-AP8,743
UCC-02-AP24,744
UCC-02-AP26,745
UCC-02-AP27,746
UCC-02-AP21,747
UCC-02-AP22,748
UCC-02-AP23,749
RC1A-L2-AP22,750
YIH-06-AP1,751
YIH-06-AP2,752
RC1A-L2-AP23,753
TB-09-AP07,754
TB-09-AP04,755
RC1A-L2-AP21,756
RC1A-L2-AP26,757
S8-01-AP1,758
RC1A-L2-AP27,759
S8-01-AP2,760
RC1A-L2-AP24,761
TB-09-AP08,762
RC1A-L2-AP25,763
LT7-01-AP03,764
LT7-01-AP04,765
MD3-05-AP1,766
LT7-01-AP05,767
FED-01-AP10,768
LT7-01-AP06,769
LT7-01-AP07,770
MD3-05-AP3,771
LT7-01-AP08,772
MD3-05-AP2,773
LT7-01-AP09,774
MD3-05-AP5,775
MD3-05-AP4,776
MD3-05-AP7,777
S5-03-AP1,778
MD3-05-AP6,779
MD3-05-AP8,780
LT7-01-AP10,781
MD1-17-AP08,782
LT7-01-AP11,783
S5-03-AP3,784
LT7-01-AP12,785
S5-03-AP2,786
LT7-01-AP13,787
OTH-01-AP08,788
OTH-01-AP07,789
RC1A-L2-AP28,790
RC1A-L2-AP29,791
MD6-03-AP4,792
FED-01-AP05,793
MD6-03-AP3,794
FED-01-AP06,795
MD6-03-AP6,796
FED-01-AP07,797
FED-01-AP08,798
RC1B-L5-AP56,799
I2R-02-AP8,800
FED-01-AP09,801
RC1B-L5-AP55,802
MD6-03-AP7,803
I2R-02-AP6,804
RC1B-L5-AP57,805
I2R-02-AP7,806
MD6-03-AP9,807
RC1B-L5-AP54,808
RC1A-L2-AP30,809
MD6-03-AP2,810
E3-02-AP1,811
CELS-04-AP2,812
CELS-04-AP3,813
LT7-01-AP01,814
LT7-01-AP02,815
S8-01-AP5,816
UHALL-03-AP05,817
S8-01-AP6,818
UHALL-03-AP04,819
S8-01-AP3,820
UHALL-03-AP03,821
S8-01-AP4,822
UHALL-03-AP02,823
RVRTB-06-AP1,824
S8-01-AP7,825
S8-01-AP8,826
RC1A-L18-AP03,827
UHALL-03-AP09,828
RC1A-L18-AP04,829
UHALL-03-AP08,830
UHALL-03-AP07,831
AS4-03-AP01,832
RC1A-L18-AP01,833
RC1A-L18-AP02,834
AS4-03-AP09,835
MD9-01-AP1,836
LKS-01-AP7,837
MD9-01-AP2,838
AS4-03-AP07,839
MD9-01-AP3,840
MD9-01-AP4,841
AS4-03-AP05,842
AS4-03-AP04,843
MD9-01-AP5,844
MD9-01-AP6,845
AS4-03-AP03,846
MD9-01-AP7,847
MD9-01-AP8,848
MD9-01-AP9,849
AP4055.39bb.b826,850
UHALL-03-AP11,851
UHALL-03-AP10,852
TLAB-08-AP14,853
UHALL-03-AP19,854
MD6-11-AP5,855
UHALL-03-AP18,856
MD6-11-AP7,857
LT7-01-AP14,858
LT7-01-AP15,859
MD6-11-AP6,860
LT7-01-AP16,861
LT7-01-AP17,862
MD6-11-AP8,863
LT7-01-AP18,864
UHALL-03-AP22,865
AS8-06-AP5,866
AS8-06-AP3,867
AS8-06-AP1,868
AS8-06-AP2,869
UHALL-03-AP29,870
UHALL-04-AP30,871
AS8-06-AP9,872
AS8-06-AP7,873
AS8-06-AP8,874
MM-01-AP3,875
MM-01-AP4,876
UHALL-03-AP32,877
RC1A-L2-AP77,878
BIZ2-02-AP4,879
RC1A-L2-AP78,880
BIZ2-02-AP5,881
RC1A-L2-AP75,882
BIZ2-02-AP6,883
UHALL-04-AP27,884
RC1A-L2-AP76,885
BIZ2-02-AP7,886
BIZ2-02-AP8,887
UHALL-04-AP24,888
UHALL-03-AP39,889
AS4-03-AP12,890
SH-02-AP4,891
AS4-03-AP11,892
AS4-03-AP10,893
SH-02-AP3,894
SH-02-AP2,895
KHY-02-AP8,896
RC1A-L2-AP74,897
BIZ2-02-AP1,898
KHY-02-AP7,899
BIZ2-02-AP2,900
SH-02-AP7,901
SH-02-AP6,902
BIZ2-02-AP3,903
UHALL-03-AP41,904
MD1-L17-AP9,905
KHY-02-AP9,906
MD1-L17-AP6,907
MD1-L17-AP5,908
AS4-03-AP15,909
AS4-03-AP14,910
MD1-L17-AP7,911
AS4-03-AP13,912
MD1-L17-AP2,913
MD1-L17-AP1,914
MD1-L17-AP4,915
MD1-L17-AP3,916
I3-04-AP20,917
I3-04-AP21,918
I3-04-AP22,919
AS6-01-AP2,920
I3-04-AP23,921
UHALL-03-AP42,922
AS6-01-AP1,923
RC1A-L2-AP80,924
E2-B1-AP1,925
CELS-04-AP8,926
E2-B1-AP2,927
RC1A-L2-AP81,928
CELS-04-AP4,929
MD4-02-AP09,930
MD4-02-AP08,931
CELS-04-AP7,932
MD4-02-AP01,933
KRH-02-AP4,934
UHALL-04-AP47,935
UHALL-04-AP48,936
S2-05-AP2,937
S2-05-AP3,938
UHALL-04-AP45,939
UHALL-04-AP46,940
UHALL-04-AP40,941
MD4-02-AP10,942
MD4-02-AP11,943
MD1-17-AP12,944
MD1-17-AP13,945
MD1-17-AP10,946
FED-01-AP5,947
S1A-03-AP05,948
S1A-03-AP06,949
UT25-02-AP45,950
MD6-14-AP18,951
UT25-02-AP46,952
MD6-14-AP19,953
UT25-02-AP47,954
MD6-14-AP16,955
UT25-02-AP48,956
MD6-14-AP17,957
UT25-02-AP41,958
MD6-14-AP14,959
UT25-02-AP42,960
MD6-14-AP15,961
UT25-02-AP43,962
MD6-14-AP12,963
UT25-02-AP44,964
MD6-14-AP13,965
MD6-14-AP10,966
MD6-14-AP11,967
UT25-02-AP40,968
UT25-02-AP38,969
UT25-02-AP39,970
MD6-14-AP09,971
UT25-02-AP34,972
UT25-02-AP36,973
UT25-02-AP37,974
YST-03-AP1,975
YST-03-AP3,976
YST-03-AP4,977
YST-03-AP6,978
UT25-02-AP30,979
HMK-BLK-D-B1-AP03,980
MD6-14-AP03,981
UT25-02-AP31,982
MD6-14-AP04,983
HMK-BLK-D-B1-AP04,984
UT25-02-AP32,985
MD6-14-AP01,986
UT25-02-AP33,987
HMK-BLK-D-B1-AP01,988
HMK-BLK-D-B1-AP02,989
S15-02-AP06,990
LIB-03-AP09,991
S15-02-AP04,992
LIB-03-AP07,993
LIB-03-AP08,994
S15-02-AP05,995
LIB-03-AP05,996
S15-02-AP02,997
S15-02-AP03,998
LIB-03-AP06,999
RVG-01-AP13,1000
RVG-01-AP10,1001
S15-02-AP01,1002
RVG-01-AP11,1003
LIB-03-AP04,1004
I3-04-AP16,1005
I3-04-AP17,1006
PGPH15-02-AP1,1007
S12-M-AP1,1008
S12-M-AP3,1009
S12-M-AP2,1010
PGPH15-02-AP2,1011
S11-01-AP1,1012
I3-04-AP10,1013
I3-04-AP12,1014
S14-04-AP2,1015
LIB-03-AP12,1016
S14-04-AP1,1017
LIB-03-AP13,1018
S14-04-AP4,1019
LIB-03-AP10,1020
LIB-03-AP11,1021
LIB-03-AP14,1022
LIB-03-AP15,1023
I3-04-AP03,1024
I3-04-AP05,1025
I3-04-AP06,1026
I3-04-AP07,1027
I3-04-AP08,1028
MD1-L2-AP16,1029
I3-04-AP09,1030
MD1-L2-AP14,1031
MD1-L2-AP15,1032
MD1-L2-AP12,1033
MD1-L2-AP13,1034
MD1-L2-AP10,1035
MD1-L2-AP11,1036
I3-04-AP01,1037
I3-04-AP02,1038
LT29-01-AP05,1039
LT1-01-AP06,1040
LT1-01-AP05,1041
LT29-01-AP06,1042
LT29-01-AP03,1043
LT29-01-AP04,1044
LT29-01-AP09,1045
LT1-01-AP02,1046
LT1-01-AP01,1047
LT1-01-AP04,1048
LT29-01-AP07,1049
LT29-01-AP08,1050
LT1-01-AP03,1051
E3A-07-AP2,1052
E3A-07-AP1,1053
RVG-01-AP07,1054
RVG-01-AP08,1055
RVG-01-AP03,1056
RVG-01-AP04,1057
E3A-07-AP6,1058
RVG-01-AP01,1059
RVG-01-AP02,1060
E3A-07-AP4,1061
VENT-01-AP07,1062
VENT-01-AP02,1063
RC1A-L2-AP01,1064
E1-01-AP1,1065
S17-08-AP01,1066
S17-08-AP02,1067
S17-08-AP03,1068
S17-08-AP04,1069
S17-08-AP05,1070
S17-08-AP06,1071
S17-08-AP07,1072
S17-08-AP08,1073
LT29-01-AP01,1074
LT29-01-AP02,1075
KR12-02-AP1,1076
LT6-01-AP6,1077
LT6-01-AP7,1078
LT6-01-AP4,1079
MD1-L12-AP17,1080
LT6-01-AP5,1081
LT6-01-AP8,1082
EHALL-03-AP05,1083
EHALL-03-AP04,1084
LT6-01-AP2,1085
EHALL-03-AP01,1086
LT6-01-AP3,1087
MD1-L12-AP16,1088
LT6-01-AP1,1089
LT36-03-AP12,1090
AP00a2.ee60.192c,1091
LT36-03-AP10,1092
LT36-03-AP11,1093
AP0022.bd1b.bac3,1094
LT36-03-AP09,1095
MD6-01-AP15,1096
LT36-03-AP01,1097
MD6-01-AP14,1098
LT36-03-AP02,1099
LT36-03-AP03,1100
LT36-03-AP04,1101
RC3-L3-AP10,1102
LT36-03-AP05,1103
LT36-03-AP06,1104
WS2-02-AP5,1105
LT36-03-AP07,1106
LT36-03-AP08,1107
E2-03-AP02,1108
E2-03-AP01,1109
S2-01-AP4,1110
E2-03-AP04,1111
S2-01-AP3,1112
E2-03-AP03,1113
S2-01-AP2,1114
E2-03-AP06,1115
S2-01-AP1,1116
E2-03-AP05,1117
S2-01-AP7,1118
S2-01-AP6,1119
S2-01-AP5,1120
MD6-01-AP11,1121
MD6-01-AP10,1122
MD6-01-AP13,1123
MD6-01-AP12,1124
E2-03-AP08,1125
E2-03-AP07,1126
E2-03-AP09,1127
E2-03-AP11,1128
E2-03-AP10,1129
E2-03-AP13,1130
E2-03-AP12,1131
E2-03-AP15,1132
E2-03-AP14,1133
E2-03-AP16,1134
E3-06-AP10,1135
RC2-L8-AP06,1136
RC2-L8-AP04,1137
RC2-L8-AP05,1138
RC2-L8-AP02,1139
RC2-L8-AP03,1140
USC-03M-AP02,1141
MD6-07-AP2,1142
RC2-L8-AP01,1143
MD6-07-AP4,1144
USC-03M-AP01,1145
MD6-07-AP6,1146
AS3-03-AP10,1147
MD6-07-AP5,1148
MD6-07-AP8,1149
MD6-07-AP7,1150
RC2-L18-AP01,1151
RC2-L18-AP02,1152
MD1-L15-AP10,1153
BIZ1-05-AP19,1154
RC2-L18-AP03,1155
RC2-L18-AP04,1156
AS7-05-AP12,1157
MD1-11-AP17,1158
MD1-11-AP16,1159
MD1-11-AP19,1160
AS7-05-AP11,1161
BIZ1-05-AP12,1162
BIZ1-05-AP13,1163
BIZ1-05-AP14,1164
BIZ1-05-AP16,1165
BIZ1-05-AP10,1166
RC2-GF-AP01,1167
RC2-GF-AP02,1168
RC2-GF-AP05,1169
RC2-GF-AP06,1170
RC2-GF-AP04,1171
BIZ1-05-AP08,1172
MD1-11-AP22,1173
RC2-GF-AP09,1174
PGPR20-01-AP02,1175
RC2-GF-AP07,1176
PGPR20-01-AP01,1177
RC2-GF-AP08,1178
i3-01-AP19,1179
UT25-02-AP27,1180
UT25-02-AP28,1181
RC3-L3-AP01,1182
UT25-02-AP29,1183
UT25-02-AP23,1184
BB-01-AP11,1185
RC3-L3-AP04,1186
UT25-02-AP24,1187
BB-01-AP12,1188
UT25-02-AP25,1189
RC3-L3-AP02,1190
UT25-02-AP26,1191
BB-01-AP10,1192
LT2-01-AP02,1193
LT2-01-AP03,1194
LT2-01-AP01,1195
LT2-01-AP06,1196
LT2-01-AP07,1197
LT2-01-AP04,1198
LT2-01-AP05,1199
MD4-02-AP2,1200
S13-03-AP05,1201
MD4-02-AP3,1202
S13-03-AP06,1203
MD4-02-AP4,1204
S13-03-AP04,1205
MD4-02-AP5,1206
S13-03-AP01,1207
MD4-02-AP6,1208
MD4-02-AP7,1209
RC3-L3-AP08,1210
BB-01-AP15,1211
RC3-L3-AP09,1212
RC3-L3-AP06,1213
UT25-02-AP21,1214
BB-01-AP13,1215
UT25-02-AP22,1216
BB-01-AP14,1217
BIZ1-05-AP30,1218
S13-03-AP07,1219
BIZ1-05-AP31,1220
UT25-02-AP16,1221
UT25-02-AP17,1222
UT25-02-AP18,1223
UT25-02-AP19,1224
DSO-04-AP1,1225
UT25-02-AP12,1226
UT25-02-AP13,1227
DSO-04-AP2,1228
UT25-02-AP14,1229
UT25-02-AP15,1230
MD1-11-AP02,1231
AS7-05-AP06,1232
MD1-11-AP01,1233
BIZ1-05-AP22,1234
BIZ1-05-AP23,1235
LT2-01-AP08,1236
LT2-01-AP09,1237
BIZ1-05-AP25,1238
BIZ1-05-AP28,1239
CELS-05-AP20,1240
UT25-02-AP10,1241
UT25-02-AP11,1242
CELS-05-AP23,1243
CELS-05-AP25,1244
BIZ1-05-AP21,1245
S5-04-AP02,1246
S5-04-AP01,1247
S2-02-AP07,1248
CELS-05-AP17,1249
CELS-05-AP16,1250
CELS-05-AP19,1251
CELS-05-AP18,1252
S2-02-AP01,1253
CELS-05-AP11,1254
CELS-05-AP10,1255
CELS-05-AP13,1256
S5-04-AP05,1257
CELS-05-AP12,1258
CELS-05-AP15,1259
CELS-05-AP14,1260
VENT-02-AP3,1261
VENT-02-AP2,1262
VENT-02-AP9,1263
VENT-02-AP8,1264
S16-05-AP14,1265
S16-05-AP13,1266
AS4-B1-AP02,1267
AS4-B1-AP03,1268
S16-05-AP15,1269
S16-05-AP10,1270
AS4-B1-AP01,1271
S16-05-AP11,1272
RC3-L13-AP08,1273
RC3-L13-AP07,1274
CELS-05-AP09,1275
VENT-02-AP1,1276
RC2-GF-AP12,1277
RC2-GF-AP13,1278
RC2-GF-AP10,1279
RC2-GF-AP11,1280
RC2-GF-AP16,1281
S16-05-AP07,1282
RC2-GF-AP17,1283
S16-05-AP09,1284
RC2-GF-AP15,1285
S16-05-AP03,1286
RC3-L13-AP04,1287
S16-05-AP02,1288
RC3-L13-AP03,1289
RC3-L13-AP06,1290
RC2-GF-AP18,1291
S16-05-AP05,1292
S16-05-AP04,1293
RC3-L13-AP05,1294
RC2-GF-AP19,1295
RC3-L13-AP02,1296
S16-05-AP01,1297
RC3-L13-AP01,1298
RC2-GF-AP22,1299
RC2-GF-AP20,1300
WC-L1-AP7,1301
S1A-04-AP7,1302
S1A-04-AP9,1303
MD3-02-AP08,1304
S1A-04-AP1,1305
S1A-04-AP5,1306
MBA-03-AP1,1307
MD3-02-AP06,1308
RC1A-L22-AP01,1309
RC1A-L22-AP03,1310
PGPH4-02-AP01,1311
TLAB-08-AP10,1312
APb026.8098.387c,1313
HMK-BLK-D-03-AP05,1314
EVAN18-01-AP03,1315
HMK-BLK-D-03-AP03,1316
HMK-BLK-D-03-AP04,1317
AS8-03-AP12,1318
AS8-03-AP14,1319
AS8-03-AP13,1320
FM-Test-AP02,1321
CMPH-01-AP2,1322
MD3-02-AP11,1323
MD1-08-AP9,1324
MD3-02-AP10,1325
CMPH-01-AP1,1326
MD1-08-AP2,1327
WC-L1-AP1,1328
MD1-08-AP6,1329
WC-L1-AP3,1330
RC1A-L12-AP07,1331
MD1-08-AP5,1332
RC1A-L12-AP06,1333
WC-L1-AP5,1334
MD1-08-AP7,1335
WC-L1-AP4,1336
MD2-01-AP3,1337
RC1B-L8-AP69,1338
RC1B-L8-AP68,1339
RC1B-L8-AP67,1340
RC1B-L8-AP70,1341
LT33-01-AP01,1342
LT33-01-AP03,1343
LT33-01-AP02,1344
HMK-BLK-D-03-AP02,1345
LT33-01-AP05,1346
LT33-01-AP04,1347
LT33-01-AP07,1348
LT33-01-AP06,1349
LT33-01-AP08,1350
E1-06-AP3,1351
E1-06-AP4,1352
E1-06-AP1,1353
E1-06-AP2,1354
S1-03-AP1,1355
MD1-L11-AP4,1356
TLAB-04-AP11,1357
MD1-L11-AP5,1358
RC2-L13-AP06,1359
RC2-L13-AP07,1360
TLAB-04-AP10,1361
MD1-L11-AP8,1362
MD1-L11-AP9,1363
MPH-01-AP9,1364
MPH-01-AP8,1365
RC1A-L14-AP06,1366
RC1A-L14-AP05,1367
ERC-03-AP06,1368
MD2-03-AP3,1369
MPH-01-AP1,1370
MD2-03-AP2,1371
RC2-L13-AP02,1372
RC2-L13-AP03,1373
RC2-L13-AP04,1374
RC2-L13-AP05,1375
PGPH5-01-AP2,1376
PGPH5-01-AP1,1377
RC2-L13-AP01,1378
KR11-01-AP1,1379
KR11-01-AP2,1380
AP005d.7393.2168,1381
RC1A-L14-AP08,1382
RC1A-L14-AP07,1383
E5-02-AP04,1384
E5-02-AP03,1385
E5-02-AP06,1386
E5-02-AP05,1387
BIZ2-01-AP11,1388
ASN-B1-AP1,1389
E5-02-AP08,1390
E5-02-AP07,1391
MD11-02-AP4,1392
BIZ2-01-AP10,1393
ASN-B1-AP3,1394
KMPH-01-AP9,1395
E5-02-AP09,1396
KMPH-01-AP8,1397
ASN-B1-AP2,1398
ASN-B1-AP5,1399
ASN-B1-AP4,1400
RAP-S12-AP1,1401
ASN-B1-AP7,1402
ASN-B1-AP6,1403
EW1-03-AP1,1404
BB-01-AP9,1405
BB-01-AP8,1406
RC1A-L6-AP03,1407
RC1A-L6-AP02,1408
YIH-02-AP06,1409
RC1A-L6-AP04,1410
KMPH-01-AP7,1411
KMPH-01-AP6,1412
RC1A-L6-AP01,1413
KMPH-01-AP5,1414
YIH-02-AP01,1415
KMPH-01-AP4,1416
RC2-L22-AP05,1417
KMPH-01-AP3,1418
E5-02-AP11,1419
RC2-L22-AP04,1420
E5-02-AP10,1421
KMPH-01-AP2,1422
KMPH-01-AP1,1423
E5-02-AP13,1424
E5-02-AP12,1425
RC2-L22-AP06,1426
CUSP-01-AP1,1427
CUSP-01-AP2,1428
UT25-B1-AP1,1429
I3-01-AP4,1430
E5-02-AP02,1431
E5-02-AP01,1432
E2-01-AP2,1433
I3-01-AP8,1434
E2-02-AP02,1435
E2-02-AP03,1436
E2-02-AP04,1437
E2-02-AP05,1438
E2-01-AP4,1439
E2-02-AP01,1440
PGPH3-02-AP02,1441
PGPH3-02-AP01,1442
PGPH3-02-AP04,1443
AS7-03-AP3,1444
AS7-03-AP2,1445
AS7-03-AP1,1446
AP843d.c66c.e3dd,1447
E5-02-AP15,1448
RC2-L22-AP01,1449
PGPR6-02-AP04,1450
E5-02-AP14,1451
E5-02-AP17,1452
RC2-L22-AP03,1453
PGPR6-02-AP03,1454
TLAB-04-AP08,1455
PGPR6-02-AP02,1456
RC2-L22-AP02,1457
E5-02-AP16,1458
TLAB-04-AP09,1459
FC-01-AP5,1460
E5-02-AP19,1461
KEH-01-AP2,1462
E5-02-AP18,1463
KEH-01-AP1,1464
FC-01-AP3,1465
FC-01-AP4,1466
E2-02-AP13,1467
TLAB-04-AP02,1468
E2-02-AP14,1469
TLAB-04-AP03,1470
E2-02-AP15,1471
TLAB-04-AP01,1472
E2-02-AP10,1473
E2-02-AP11,1474
E2-02-AP12,1475
E2-02-AP06,1476
E2-02-AP07,1477
E2-02-AP08,1478
E2-02-AP09,1479
E5-02-AP20,1480
E6-05-AP09,1481
MD6-12-AP01,1482
OTH-B1-AP3,1483
MD6-12-AP02,1484
RC1B-L2-AP43,1485
E6-05-AP05,1486
RC1B-L2-AP44,1487
RC1B-L2-AP41,1488
E6-05-AP07,1489
E6-05-AP08,1490
RC1B-L2-AP40,1491
EC-L1-AP19,1492
EC-L1-AP12,1493
EC-L1-AP11,1494
EC-L1-AP14,1495
EC-L1-AP13,1496
EC-L1-AP16,1497
EC-L1-AP15,1498
S4-03-AP4,1499
KMPH-01-AP11,1500
S4-03-AP1,1501
EC-L1-AP18,1502
EC-L1-AP17,1503
S4-03-AP2,1504
UHALL-06-AP18,1505
AS5-03-AP05,1506
E6-05-AP12,1507
KMPH-01-AP10,1508
AS5-03-AP06,1509
E6-05-AP13,1510
MD6-12-AP09,1511
AS5-03-AP07,1512
S4-03-AP5,1513
UHALL-06-AP16,1514
UHALL-06-AP17,1515
MD6-12-AP03,1516
AS5-03-AP01,1517
AS5-03-AP03,1518
EC-L1-AP10,1519
UHALL-06-AP12,1520
AS5-03-AP04,1521
UHALL-06-AP13,1522
MD6-12-AP10,1523
MD6-12-AP11,1524
MD6-12-AP12,1525
MD6-12-AP13,1526
E6-05-AP16,1527
E6-05-AP17,1528
E6-05-AP18,1529
E6-05-AP19,1530
WC-L2-AP10,1531
WC-L2-AP11,1532
WC-L2-AP12,1533
WC-L2-AP13,1534
EC-L1-AP23,1535
EC-L1-AP22,1536
EC-L1-AP25,1537
EC-L1-AP24,1538
EC-L1-AP27,1539
EC-L1-AP26,1540
EC-L1-AP29,1541
EC-L1-AP28,1542
E6-05-AP23,1543
MD6-12-AP18,1544
UHALL-06-AP08,1545
E6-05-AP25,1546
UHALL-06-AP06,1547
MD6-12-AP15,1548
EC-L1-AP21,1549
UHALL-06-AP01,1550
E6-05-AP21,1551
EC-L1-AP20,1552
EHALLD-02-AP1,1553
S13-02-AP4,1554
S2-04-AP01,1555
S2-04-AP04,1556
APfc99.47f3.77b7,1557
S2-04-AP02,1558
RC3-L4-AP08,1559
S2-04-AP03,1560
RC3-L4-AP07,1561
RC3-L4-AP06,1562
S2-04-AP08,1563
RC3-L4-AP05,1564
RC3-L4-AP04,1565
UHALL-06-AP30,1566
S2-04-AP06,1567
RC3-L4-AP03,1568
RC3-L4-AP02,1569
RC3-L4-AP01,1570
E3A-06-AP01,1571
E6-05-AP35,1572
E3A-06-AP03,1573
RC1B-L2-AP37,1574
UCC-01-AP03,1575
UCC-01-AP02,1576
UCC-01-AP09,1577
UCC-01-AP08,1578
UCC-01-AP07,1579
UCC-01-AP06,1580
UCC-01-AP05,1581
UHALL-06-AP21,1582
E6-05-AP40,1583
E4A-06-AP4,1584
E4A-06-AP3,1585
UHALL-06-AP29,1586
UHALL-06-AP27,1587
E4A-06-AP2,1588
UHALL-06-AP28,1589
E4A-06-AP1,1590
UHALL-06-AP25,1591
RC1B-L2-AP38,1592
RC1B-L2-AP39,1593
E3A-06-AP19,1594
UCC-01-AP15,1595
UCC-01-AP13,1596
UCC-01-AP11,1597
E3A-06-AP16,1598
UCC-01-AP10,1599
E3A-06-AP17,1600
E3A-06-AP18,1601
UCC-01-AP19,1602
UCC-01-AP17,1603
AP0022.bd1b.ac3b,1604
E3A-06-AP21,1605
E3A-06-AP08,1606
E3A-06-AP09,1607
LT6-01-AP15,1608
UCC-01-AP23,1609
E3A-06-AP04,1610
E3A-06-AP05,1611
E3A-06-AP07,1612
AP6c41.6aca.7174,1613
UCC-01-AP28,1614
UCC-01-AP27,1615
APa023.9fda.610c,1616
E3A-06-AP13,1617
UCC-01-AP32,1618
AS5-02-AP2,1619
AS5-02-AP1,1620
AP6c41.6aca.717d,1621
LT6-01-AP10,1622
LT6-01-AP14,1623
LT6-01-AP13,1624
LT6-01-AP12,1625
LT6-01-AP11,1626
BIZ1-02-AP8,1627
TB-07-AP05,1628
TB-07-AP07,1629
AS1-05-AP14,1630
AS1-05-AP15,1631
AS1-05-AP16,1632
S15-05-AP01,1633
AS1-05-AP10,1634
S15-05-AP04,1635
AS1-05-AP11,1636
AS1-05-AP12,1637
AS1-05-AP13,1638
S15-05-AP05,1639
MD10-03-AP1,1640
MD10-03-AP4,1641
MD10-03-AP5,1642
MD10-03-AP2,1643
MD10-03-AP3,1644
E1-02-AP3,1645
E1-02-AP1,1646
E1-02-AP2,1647
APa0ec.f946.2b38,1648
MD1-L15-AP2,1649
MD1-L15-AP3,1650
MD1-L15-AP6,1651
MD1-L15-AP5,1652
AS8-02-AP9,1653
AS8-02-AP7,1654
AS8-02-AP8,1655
MD1-L15-AP9,1656
AS8-02-AP5,1657
AS8-02-AP6,1658
AS8-02-AP3,1659
AS8-02-AP4,1660
RC1A-L1-AP71,1661
S1A-02-AP10,1662
RC1A-L1-AP72,1663
S14-06-AP02,1664
MD2-02-AP04,1665
S14-06-AP01,1666
S14-06-AP04,1667
MD3-02-AP5,1668
S14-06-AP03,1669
S14-06-AP06,1670
S12-01-AP2,1671
S14-06-AP05,1672
S14-06-AP08,1673
S12-01-AP4,1674
MD3-02-AP2,1675
S14-06-AP07,1676
MD1-L1-AP2,1677
UT25-03-AP7,1678
MD1-L1-AP3,1679
UT25-03-AP6,1680
UT25-03-AP9,1681
MD1-L1-AP1,1682
UT25-03-AP8,1683
S1A-02-AP09,1684
S1A-02-AP08,1685
AS1-05-AP03,1686
S1A-02-AP07,1687
AS1-05-AP04,1688
S1A-02-AP06,1689
AS1-05-AP05,1690
UT25-03-AP1,1691
S1A-02-AP05,1692
AS1-05-AP06,1693
E3A-03-AP2,1694
UT25-03-AP3,1695
E3A-03-AP1,1696
UT25-03-AP2,1697
S1A-02-AP01,1698
UT25-03-AP5,1699
AS1-05-AP01,1700
UT25-03-AP4,1701
AS1-05-AP02,1702
RC1B-L7-AP66,1703
KHY-B1-AP8,1704
RC2-L20-AP04,1705
KHY-B1-AP9,1706
RC2-L20-AP03,1707
RC1B-L7-AP64,1708
RC1B-L7-AP65,1709
RC2-L20-AP02,1710
AS1-05-AP07,1711
KHY-B1-AP4,1712
RC1B-L7-AP63,1713
AS1-05-AP08,1714
KHY-B1-AP5,1715
AS1-05-AP09,1716
KHY-B1-AP6,1717
KHY-B1-AP7,1718
KHY-B1-AP1,1719
KHY-B1-AP2,1720
EHALLA-02-AP1,1721
KHY-B1-AP3,1722
MD1-L1-AP4,1723
MD1-L1-AP5,1724
TB-03-AP03,1725
I3-05-AP4,1726
I3-05-AP5,1727
TB-03-AP02,1728
YST-02-AP7,1729
TB-03-AP05,1730
I3-05-AP6,1731
TB-03-AP04,1732
LT10-01-AP2,1733
I3-05-AP9,1734
TB-03-AP01,1735
UCC-B1-AP2,1736
TLAB-09-AP10,1737
TLAB-09-AP11,1738
S3-05-AP01,1739
TLAB-09-AP07,1740
TLAB-09-AP08,1741
TLAB-09-AP05,1742
TLAB-09-AP06,1743
S3-05-AP05,1744
TLAB-09-AP03,1745
S3-05-AP04,1746
TLAB-09-AP04,1747
S3-05-AP03,1748
TLAB-09-AP01,1749
S3-05-AP02,1750
S2-B1-AP1,1751
YST-02-AP1,1752
E6-03-AP27,1753
YST-02-AP2,1754
E6-03-AP28,1755
E6-03-AP25,1756
E6-03-AP26,1757
YST-02-AP5,1758
YST-02-AP6,1759
YST-02-AP3,1760
TLAB-09-AP09,1761
YST-02-AP4,1762
S17-06-AP05,1763
S17-06-AP04,1764
S17-06-AP03,1765
S17-06-AP02,1766
Test68.76,1767
S17-06-AP01,1768
TLAB-09-AP21,1769
TLAB-09-AP22,1770
Test68.73,1771
S17-06-AP09,1772
S17-06-AP08,1773
S17-06-AP07,1774
S17-06-AP06,1775
TLAB-09-AP14,1776
TLAB-09-AP15,1777
TLAB-09-AP12,1778
I3-05-AP19,1779
THALL-01-AP2,1780
I3-05-AP15,1781
I3-05-AP18,1782
I3-05-AP17,1783
I3-05-AP12,1784
I3-05-AP11,1785
I3-05-AP14,1786
I3-05-AP13,1787
THALL-01-AP3,1788
LT13-01-AP09,1789
LT13-01-AP13,1790
SFAH-02-AP11,1791
LT13-01-AP12,1792
SFAH-02-AP10,1793
SFAH-02-AP12,1794
SDE2-02-AP5,1795
SDE2-02-AP4,1796
SDE2-02-AP7,1797
SDE2-02-AP2,1798
SDE2-02-AP1,1799
THALL-02-AP07,1800
I3-05-AP21,1801
THALL-02-AP06,1802
I3-05-AP20,1803
MD6-B1-AP3,1804
LT13-01-AP06,1805
LT13-01-AP07,1806
MD6-B1-AP5,1807
LT13-01-AP04,1808
MD6-B1-AP6,1809
LT13-01-AP02,1810
LT13-01-AP03,1811
MD6-B1-AP1,1812
LT13-01-AP01,1813
MD6-B1-AP2,1814
AS3-01-AP1,1815
AS3-01-AP2,1816
SFAH-02-AP04,1817
AS3-02-AP07,1818
MD6-B1-AP8,1819
I3-05-AP1,1820
SFAH-02-AP08,1821
I3-05-AP2,1822
I3-05-AP3,1823
SFAH-02-AP07,1824
BIZ2-06-AP09,1825
RC1A-L1-AP17,1826
RC1A-L1-AP16,1827
RC1A-L1-AP18,1828
LT3-01-AP05,1829
RC2-L3-AP05,1830
LT3-01-AP03,1831
RC2-L3-AP04,1832
LT3-01-AP04,1833
LT3-01-AP01,1834
RC2-L3-AP01,1835
LT3-01-AP02,1836
RC2-L3-AP02,1837
BIZ2-01-AP7,1838
CC-03-AP04,1839
BIZ2-01-AP8,1840
BIZ2-01-AP5,1841
CC-03-AP07,1842
CC-03-AP06,1843
BIZ2-01-AP6,1844
MD1-L8-AP-20,1845
CC-03-AP09,1846
RC2-L3-AP09,1847
RC2-L3-AP07,1848
BIZ2-01-AP9,1849
RC1A-L1-AP13,1850
BIZ2-06-AP01,1851
CELS-03-AP04,1852
RC1A-L1-AP12,1853
RC1A-L1-AP15,1854
CELS-03-AP05,1855
BIZ2-06-AP02,1856
RC1A-L1-AP14,1857
RVRTB-04-AP1,1858
BIZ2-06-AP05,1859
BIZ2-01-AP3,1860
CELS-03-AP08,1861
BIZ2-06-AP04,1862
RC1A-L1-AP11,1863
BIZ2-01-AP1,1864
BIZ2-06-AP07,1865
RC1A-L1-AP10,1866
BIZ2-01-AP2,1867
BIZ2-06-AP06,1868
E6-03-AP01,1869
FOD-02-AP8,1870
FOD-02-AP9,1871
CC-03-AP12,1872
CC-03-AP14,1873
FOD-02-AP2,1874
FOD-02-AP3,1875
CC-03-AP15,1876
CC-03-AP18,1877
FOD-02-AP1,1878
CC-03-AP17,1879
FOD-02-AP6,1880
CC-03-AP19,1881
FOD-02-AP7,1882
CELS-03-AP11,1883
CELS-03-AP12,1884
FOD-02-AP4,1885
FOD-02-AP5,1886
CELS-03-AP15,1887
CELS-03-AP16,1888
CELS-03-AP17,1889
CELS-03-AP18,1890
PGPR10-01-AP01,1891
UHALL-04-AP17,1892
BIZ1-07-AP11,1893
UHALL-04-AP10,1894
E6-03-AP13,1895
BIZ1-07-AP12,1896
UHALL-04-AP12,1897
E6-03-AP11,1898
LT32-01-AP11,1899
BIZ1-07-AP15,1900
LT32-01-AP10,1901
LT32-01-AP13,1902
LT32-01-AP12,1903
BIZ1-07-AP14,1904
BIZ1-07-AP19,1905
BIZ1-07-AP17,1906
BIZ1-07-AP18,1907
E6-03-AP05,1908
E6-03-AP04,1909
UHALL-04-AP07,1910
E6-03-AP07,1911
E6-03-AP08,1912
LT32-01-AP08,1913
UHALL-04-AP03,1914
LT32-01-AP07,1915
RC1A-L1-AP09,1916
UHALL-04-AP04,1917
UHALL-04-AP05,1918
LT32-01-AP09,1919
UHALL-04-AP06,1920
LT32-01-AP04,1921
E6-03-AP23,1922
LT32-01-AP03,1923
BIZ1-07-AP01,1924
LT32-01-AP06,1925
UHALL-04-AP01,1926
E6-03-AP21,1927
LT32-01-AP05,1928
E6-03-AP22,1929
S4A-01-AP1,1930
EC-L4-AP8,1931
EC-L4-AP7,1932
BIZ1-07-AP05,1933
LT32-01-AP02,1934
BIZ1-07-AP02,1935
LT32-01-AP01,1936
EC-L4-AP5,1937
BIZ1-07-AP03,1938
BIZ1-07-AP08,1939
AS8-05-AP10,1940
BIZ1-07-AP06,1941
S4A-01-AP2,1942
AS8-05-AP14,1943
AS8-05-AP13,1944
AS8-05-AP12,1945
AS8-05-AP11,1946
AS8-05-AP18,1947
EC-L4-AP4,1948
EC-L4-AP3,1949
AS8-05-AP17,1950
AS8-05-AP16,1951
EC-L4-AP1,1952
RC1A-L1-AP01,1953
E6-03-AP17,1954
AP881d.fce7.7380,1955
E6-03-AP19,1956
YCTN-02-AP2,1957
YCTN-02-AP1,1958
MD11-02-AP01,1959
MD11-02-AP03,1960
MD11-02-AP02,1961
MD11-02-AP05,1962
MD11-02-AP04,1963
MD11-02-AP07,1964
MD11-02-AP06,1965
MD11-02-AP09,1966
RC2-L20-AP01,1967
MD11-02-AP08,1968
S3-04-AP6,1969
S3-04-AP5,1970
S3-04-AP4,1971
S3-04-AP3,1972
S3-04-AP2,1973
S3-04-AP1,1974
MD11-02-AP10,1975
MD11-02-AP12,1976
MD11-02-AP11,1977
MD11-02-AP14,1978
BIZ1-07-AP20,1979
MD11-02-AP13,1980
MD11-02-AP16,1981
MD11-02-AP15,1982
MD11-02-AP17,1983
MD11-02-AP19,1984
AS8-02-AP1,1985
AS8-02-AP2,1986
S14-01-AP1,1987
KE7-COM-02-AP1,1988
MD11-02-AP20,1989
MD11-02-AP23,1990
MD11-02-AP22,1991
MD11-02-AP24,1992
S17-02-AP01,1993
S17-02-AP05,1994
S17-02-AP04,1995
S17-02-AP02,1996
S17-02-AP07,1997
S17-02-AP06,1998
RC1B-L15-AP01,1999
HMK-10-AP02,2000
HMK-10-AP01,2001
RC2-L3-AP11,2002
E4-02-AP2,2003
E4-02-AP1,2004
E1-06-AP7,2005
E1-06-AP8,2006
E1-06-AP5,2007
E1-06-AP6,2008
E4-02-AP6,2009
KR14-01-AP1,2010
E1-06-AP9,2011
E4-02-AP4,2012
CLIB-06-AP19,2013
CLIB-06-AP18,2014
CLIB-06-AP17,2015
CLIB-06-AP16,2016
UT25-01-AP37,2017
AP843d.c66c.fbdf,2018
UT25-01-AP36,2019
UT25-01-AP33,2020
MD1-L3-AP12,2021
UT25-01-AP32,2022
MD1-L3-AP11,2023
UT25-01-AP31,2024
MD1-L3-AP10,2025
UT25-01-AP30,2026
CLIB-06-AP15,2027
CLIB-06-AP14,2028
MD1-L3-AP18,2029
CLIB-06-AP13,2030
MD1-L3-AP17,2031
CLIB-06-AP12,2032
CLIB-06-AP11,2033
CLIB-06-AP10,2034
LKC-02-AP2,2035
CLIB-06-AP09,2036
CLIB-06-AP08,2037
CLIB-06-AP07,2038
CLIB-06-AP06,2039
CLIB-06-AP05,2040
UT25-01-AP29,2041
UT25-01-AP28,2042
UT25-01-AP27,2043
UT25-01-AP26,2044
UT25-01-AP25,2045
UT25-01-AP24,2046
UT25-01-AP23,2047
UT25-01-AP22,2048
UT25-01-AP21,2049
UT25-01-AP20,2050
CLIB-06-AP04,2051
S1A-03-AP1,2052
S1A-03-AP2,2053
CLIB-06-AP01,2054
S1A-03-AP3,2055
S1A-03-AP4,2056
LT4-01-AP01,2057
THB-04-AP1,2058
LT4-01-AP05,2059
LT4-01-AP04,2060
LT4-01-AP03,2061
LT4-01-AP02,2062
UT25-01-AP19,2063
UT25-01-AP18,2064
KRH-01-AP3,2065
UT25-01-AP17,2066
UT25-01-AP16,2067
UT25-01-AP15,2068
AS3-01-AP03,2069
UT25-01-AP14,2070
KRH-01-AP2,2071
UT25-01-AP11,2072
KRH-01-AP1,2073
UT25-01-AP10,2074
LT15-01-AP09,2075
LT15-01-AP08,2076
LT15-01-AP07,2077
LT15-01-AP06,2078
I2R-01-AP5,2079
I2R-01-AP6,2080
LT15-01-AP05,2081
TB-02-AP05,2082
LT15-01-AP04,2083
TB-02-AP06,2084
LT15-01-AP03,2085
TB-02-AP07,2086
TB-02-AP08,2087
LT15-01-AP02,2088
LT15-01-AP01,2089
S17-01-AP05,2090
S17-01-AP03,2091
S17-01-AP04,2092
S17-01-AP01,2093
S17-01-AP02,2094
LT4-01-AP06,2095
MCOURT-01-AP06,2096
MD3-06-AP4,2097
S5-02-AP3,2098
MD3-06-AP3,2099
MD1-10-AP03,2100
S5-02-AP6,2101
MCOURT-01-AP04,2102
MD3-06-AP2,2103
MD3-06-AP1,2104
MCOURT-01-AP05,2105
MD1-10-AP05,2106
S8-02-AP2,2107
S8-02-AP3,2108
S8-02-AP4,2109
S8-02-AP5,2110
S8-02-AP6,2111
S5-02-AP7,2112
S8-02-AP7,2113
S8-02-AP8,2114
YIH-07-AP1,2115
S8-02-AP9,2116
SNRC-04-AP68,2117
UT25-01-AP73,2118
SNRC-04-AP67,2119
UT25-01-AP72,2120
UT25-01-AP71,2121
UT25-01-AP70,2122
SNRC-04-AP62,2123
SNRC-04-AP61,2124
SNRC-04-AP60,2125
MCOURT-01-AP02,2126
SNRC-04-AP66,2127
SNRC-04-AP65,2128
MCOURT-01-AP03,2129
MD3-06-AP6,2130
SNRC-04-AP64,2131
SNRC-04-AP63,2132
MCOURT-01-AP01,2133
MD3-06-AP5,2134
KADH-01-AP9,2135
MD2-03-AP01,2136
MD1-L14-AP13,2137
MD1-L14-AP12,2138
MD1-L14-AP11,2139
MD2-03-AP03,2140
E3-03-AP1,2141
MD1-08-AP18,2142
MD1-10-AP11,2143
MD1-08-AP15,2144
E3-03-AP4,2145
MD1-08-AP14,2146
MD1-08-AP17,2147
E3-03-AP3,2148
E3-03-AP2,2149
MD1-08-AP16,2150
MD1-08-AP11,2151
UT25-01-AP69,2152
UT25-01-AP68,2153
MD1-08-AP10,2154
UT25-01-AP67,2155
MD1-08-AP13,2156
UT25-01-AP66,2157
MD1-08-AP12,2158
UT25-01-AP65,2159
MD1-L5-AP7,2160
UT25-01-AP64,2161
MD1-L5-AP6,2162
UT25-01-AP63,2163
MD1-08-AP20,2164
MD1-L5-AP5,2165
UT25-01-AP62,2166
UT25-01-AP61,2167
UT25-01-AP60,2168
KVG-01-AP01,2169
S8-02-AP1,2170
KADH-01-AP1,2171
KADH-01-AP3,2172
KADH-01-AP2,2173
KADH-01-AP5,2174
CLIB-06-AP43,2175
KADH-01-AP4,2176
CLIB-06-AP42,2177
KADH-01-AP7,2178
MD1-L5-AP9,2179
MD1-10-AP19,2180
KADH-01-AP6,2181
CELS-03-AP2,2182
CELS-03-AP1,2183
S11-02-AP8,2184
MD1-10-AP25,2185
CELS-03-AP3,2186
MD1-10-AP20,2187
MD1-10-AP22,2188
S11-02-AP1,2189
BB-02-AP18,2190
S11-02-AP3,2191
S11-02-AP2,2192
BB-02-AP19,2193
S11-02-AP5,2194
BB-02-AP16,2195
UT25-01-AP58,2196
UT25-01-AP57,2197
BB-02-AP17,2198
S11-02-AP4,2199
BB-02-AP14,2200
UT25-01-AP56,2201
S11-02-AP7,2202
UT25-01-AP55,2203
BB-02-AP15,2204
S11-02-AP6,2205
BB-02-AP12,2206
UT25-01-AP54,2207
SNRC-04-AP48,2208
UT25-01-AP53,2209
BB-02-AP13,2210
SNRC-04-AP47,2211
BB-02-AP10,2212
UT25-01-AP52,2213
SNRC-04-AP46,2214
HSS-01-AP04,2215
BB-02-AP11,2216
UT25-01-AP51,2217
SNRC-04-AP45,2218
HSS-01-AP05,2219
UT25-01-AP50,2220
MD9-02-AP7,2221
SNRC-04-AP49,2222
MD9-02-AP5,2223
MD9-02-AP6,2224
TMPH-B1-AP03,2225
MD9-02-AP3,2226
MD9-02-AP4,2227
S2S-02-AP01,2228
MD9-02-AP1,2229
MD9-02-AP2,2230
MD6-12-AP8,2231
MD6-12-AP7,2232
MD6-12-AP6,2233
MD6-12-AP5,2234
CLIB-06-AP27,2235
MM-02-AP9,2236
UT25-01-AP49,2237
UT25-01-AP48,2238
UT25-01-AP47,2239
MM-02-AP7,2240
AS2-06-AP08,2241
UT25-01-AP46,2242
MM-02-AP8,2243
BB-02-AP04,2244
MM-02-AP6,2245
UT25-01-AP44,2246
AS2-06-AP09,2247
UT25-01-AP43,2248
AS2-06-AP04,2249
SNRC-04-AP59,2250
AS8-05-AP8,2251
RC3-L14-AP03,2252
SNRC-04-AP58,2253
AS8-05-AP9,2254
AS2-06-AP03,2255
UT25-01-AP41,2256
AS2-06-AP06,2257
RC3-L14-AP01,2258
UT25-01-AP40,2259
AS2-06-AP02,2260
RC3-L14-AP04,2261
AS2-06-AP01,2262
AP0022.bd1b.b9e5,2263
SNRC-04-AP51,2264
CLIB-06-AP26,2265
CLIB-06-AP25,2266
AS8-05-AP1,2267
SNRC-04-AP50,2268
CLIB-06-AP24,2269
AS8-05-AP2,2270
CLIB-06-AP23,2271
AS8-05-AP3,2272
CLIB-06-AP22,2273
AS8-05-AP4,2274
CLIB-06-AP21,2275
AS8-05-AP5,2276
CLIB-06-AP20,2277
SNRC-04-AP53,2278
AS8-05-AP6,2279
CRE-02-AP19,2280
CRE-02-AP17,2281
CRE-02-AP14,2282
CRE-02-AP15,2283
CRE-02-AP12,2284
CRE-02-AP13,2285
CRE-02-AP10,2286
AH-05-AP12,2287
CRE-02-AP11,2288
AH-05-AP10,2289
SDE2-02-AP08,2290
RC1B-L14-AP02,2291
RC1B-L14-AP03,2292
RC1B-L14-AP01,2293
RC1B-L14-AP04,2294
BB-02-AP21,2295
BB-02-AP22,2296
BB-02-AP20,2297
AH-05-AP05,2298
AH-05-AP06,2299
AH-05-AP03,2300
AH-05-AP02,2301
MD4-01-AP5,2302
S2S-01-AP02,2303
S2S-01-AP03,2304
MD4-01-AP6,2305
RC3-L2-AP3,2306
MD4-01-AP4,2307
MD4-01-AP7,2308
PGP22-01-AP1,2309
MD4-01-AP1,2310
MD4-01-AP2,2311
PGP22-01-AP2,2312
RC3-L2-AP2,2313
MD6-02-AP7,2314
MD6-02-AP6,2315
MD6-02-AP5,2316
MD6-02-AP4,2317
MD6-02-AP9,2318
MD6-02-AP8,2319
BIZ2-05-AP4,2320
BIZ2-05-AP1,2321
AS8-B1-AP2,2322
MD6-02-AP3,2323
AS8-B1-AP1,2324
BIZ2-05-AP8,2325
MD6-02-AP2,2326
BIZ2-05-AP5,2327
MD6-02-AP1,2328
S3-01-AP2,2329
S3-01-AP5,2330
KEH-02-AP08,2331
S3-01-AP6,2332
AP005d.7393.21a0,2333
S13-05-AP01,2334
S13-05-AP02,2335
TB-02-AP01,2336
TB-02-AP02,2337
TB-02-AP03,2338
TB-02-AP04,2339
S16-06-AP12,2340
S16-06-AP13,2341
S16-06-AP10,2342
S16-06-AP16,2343
S16-06-AP17,2344
S16-06-AP14,2345
S16-06-AP15,2346
S16-06-AP18,2347
RVRTB-07-AP1,2348
S4-05-AP05,2349
S4-05-AP04,2350
S4-05-AP03,2351
S4-05-AP02,2352
TB-10-AP07,2353
S16-06-AP01,2354
TB-10-AP06,2355
S16-06-AP02,2356
TB-10-AP09,2357
S16-06-AP05,2358
S16-06-AP06,2359
S16-06-AP03,2360
TB-10-AP05,2361
S16-06-AP04,2362
S16-06-AP09,2363
ESI-10-AP4,2364
S16-06-AP07,2365
S8-01-AP12,2366
S16-06-AP08,2367
S8-01-AP10,2368
S8-01-AP11,2369
CRE-02-AP24,2370
CRE-02-AP22,2371
GRN-02-AP2,2372
CRE-02-AP20,2373
CC-04-AP09,2374
CC-04-AP07,2375
CC-04-AP08,2376
CC-04-AP05,2377
CC-04-AP06,2378
UHALL-05-AP01,2379
RC2-L4-AP08,2380
UHALL-05-AP03,2381
UHALL-05-AP02,2382
UCC-01-AP1,2383
UHALL-05-AP04,2384
UHALL-05-AP07,2385
UHALL-05-AP06,2386
RC2-L4-AP02,2387
RC2-L4-AP03,2388
UCC-01-AP4,2389
RC2-L4-AP01,2390
RC2-L4-AP06,2391
RC2-L4-AP04,2392
RC2-L4-AP05,2393
CC-04-AP03,2394
CC-04-AP04,2395
BTCLT-03-AP09,2396
AS6-03-AP11,2397
AS6-03-AP12,2398
BTCLT-03-AP07,2399
BTCLT-03-AP08,2400
BTCLT-03-AP05,2401
BTCLT-03-AP06,2402
FOD-03-AP10,2403
BTCLT-03-AP03,2404
FOD-03-AP11,2405
BTCLT-03-AP04,2406
BTCLT-03-AP01,2407
FOD-03-AP12,2408
FOD-03-AP13,2409
BTCLT-03-AP02,2410
S13-03-AP3,2411
S13-03-AP4,2412
S13-03-AP2,2413
AS6-03-AP10,2414
E4-08-AP04,2415
E4-08-AP05,2416
E4-08-AP02,2417
E4-08-AP03,2418
E4-08-AP08,2419
E4-08-AP09,2420
E4-08-AP06,2421
E4-08-AP07,2422
E4-B1-AP4,2423
E4-B1-AP3,2424
E4-B1-AP2,2425
E4-B1-AP1,2426
E4-08-AP01,2427
MD1-15-AP11,2428
MD1-15-AP13,2429
MD1-15-AP12,2430
MD1-15-AP14,2431
E4-08-AP15,2432
YST-02-AP09,2433
E4-08-AP13,2434
E4-08-AP14,2435
CELS-04-AP10,2436
CELS-04-AP15,2437
E4-08-AP11,2438
E4-08-AP12,2439
CELS-04-AP16,2440
CELS-04-AP17,2441
E4-08-AP10,2442
CC-04-AP14,2443
CC-04-AP13,2444
CC-04-AP10,2445
CC-04-AP11,2446
MD6-05-AP14,2447
E5-03-AP13,2448
MD6-05-AP15,2449
E5-03-AP14,2450
MD6-05-AP16,2451
E5-03-AP11,2452
E5-03-AP12,2453
MD6-05-AP17,2454
MD6-05-AP10,2455
E5-03-AP10,2456
MD6-05-AP11,2457
MD6-05-AP12,2458
EA-03-AP5,2459
MD6-05-AP13,2460
DSO-03-AP1,2461
E5-03-AP08,2462
DSO-03-AP2,2463
E5-03-AP09,2464
DSO-03-AP3,2465
MD6-05-AP18,2466
E5-03-AP07,2467
MD6-05-AP19,2468
E5-03-AP04,2469
E5-03-AP05,2470
DSO-03-AP4,2471
LT31-01-AP04,2472
LT31-01-AP05,2473
LT31-01-AP06,2474
LT31-01-AP07,2475
MD6-05-AP20,2476
WS2-01-AP2,2477
MD6-05-AP21,2478
LT31-01-AP01,2479
MD6-05-AP22,2480
LT31-01-AP02,2481
LT31-01-AP03,2482
RC2-L19-AP05,2483
RC2-L19-AP04,2484
E5-03-AP19,2485
RC2-L19-AP07,2486
RC2-L19-AP06,2487
E5-03-AP17,2488
E5-03-AP18,2489
E5-03-AP15,2490
E5-03-AP16,2491
RC2-L19-AP01,2492
RC2-L19-AP03,2493
RC2-L19-AP02,2494
AS6-03-AP01,2495
AS6-03-AP02,2496
AS6-03-AP03,2497
AS6-03-AP04,2498
AS6-03-AP05,2499
AS6-03-AP06,2500
UHALL-05-AP21,2501
AS6-03-AP07,2502
UHALL-05-AP20,2503
AS6-03-AP08,2504
AS6-03-AP09,2505
UHALL-05-AP25,2506
UHALL-05-AP24,2507
EHALLE-01-AP1,2508
UHALL-05-AP26,2509
UHALL-05-AP19,2510
AS2-L2-AP6,2511
AS2-L2-AP5,2512
AS2-L2-AP4,2513
AS2-L2-AP3,2514
UHALL-05-AP10,2515
E5-03-AP02,2516
YIH-03-AP1,2517
E5-03-AP03,2518
YIH-03-AP3,2519
SDE3-03-AP04,2520
E5-03-AP01,2521
YIH-03-AP2,2522
UHALL-05-AP13,2523
UHALL-05-AP16,2524
UCC-LG-AP03,2525
UHALL-05-AP15,2526
UHALL-05-AP17,2527
YIH-03-AP8,2528
UHALL-05-AP08,2529
S1A-07-AP1,2530
YIH-03-AP5,2531
YIH-03-AP4,2532
S1A-07-AP4,2533
MD4-05-AP1,2534
MD4-04-AP07,2535
SNRC-04-AP26,2536
SNRC-04-AP25,2537
SNRC-04-AP24,2538
SNRC-04-AP23,2539
SNRC-04-AP29,2540
MD4-04-AP08,2541
SNRC-04-AP22,2542
SNRC-04-AP21,2543
HSDC-01-AP2,2544
EHALL-04-AP2,2545
LT14-01-AP02,2546
LT14-01-AP01,2547
LT14-01-AP05,2548
LT14-01-AP04,2549
LT14-01-AP03,2550
SNRC-04-AP34,2551
MD10-02-AP07,2552
MD10-02-AP08,2553
SNRC-04-AP38,2554
SNRC-04-AP33,2555
SNRC-04-AP32,2556
SNRC-04-AP31,2557
SNRC-04-AP30,2558
MD1-08-AP22,2559
MD1-08-AP21,2560
MD1-08-AP24,2561
MD1-08-AP23,2562
SNRC-04-AP08,2563
SNRC-04-AP07,2564
SNRC-04-AP05,2565
MD6-05-AP03,2566
MD6-05-AP04,2567
MD6-05-AP05,2568
MD6-05-AP06,2569
SNRC-04-AP12,2570
S17-07-AP07,2571
MD6-05-AP07,2572
E1A-05-AP09,2573
SNRC-04-AP19,2574
MD6-05-AP08,2575
SNRC-04-AP18,2576
EA-07-AP1,2577
MD6-05-AP09,2578
SNRC-04-AP17,2579
SNRC-04-AP16,2580
E1A-05-AP05,2581
S17-07-AP02,2582
E1A-05-AP06,2583
S17-07-AP01,2584
E1A-05-AP07,2585
E1A-05-AP08,2586
E1A-05-AP01,2587
SNRC-04-AP11,2588
S17-07-AP06,2589
E1A-05-AP02,2590
S17-07-AP05,2591
S17-07-AP04,2592
E1A-05-AP03,2593
E1A-05-AP04,2594
S17-07-AP03,2595
AS4-02-AP14,2596
AS4-02-AP12,2597
AS4-02-AP13,2598
KALT-B1-AP13,2599
S2-02-AP3,2600
TLAB-11-AP09,2601
S2-02-AP2,2602
S2-02-AP5,2603
S2-02-AP4,2604
S2-02-AP6,2605
I2R-01-AP7,2606
AS4-02-AP10,2607
AS4-02-AP11,2608
AS4-02-AP03,2609
AS4-02-AP04,2610
AS4-02-AP01,2611
AS4-02-AP02,2612
AS4-02-AP07,2613
S1A-07-AP02,2614
AS4-02-AP08,2615
AS4-02-AP05,2616
S1A-07-AP03,2617
AS4-02-AP06,2618
AS4-02-AP09,2619
EHALL-02-AP07,2620
TLAB-11-AP10,2621
S1A-07-AP05,2622
AS2-02-AP2,2623
AS2-02-AP1,2624
MD7-01-AP4,2625
MD7-01-AP2,2626
MD7-01-AP3,2627
AS2-02-AP7,2628
MD7-01-AP1,2629
RC1A-L19-AP01,2630
RC1A-L19-AP03,2631
RC1A-L19-AP02,2632
RC1A-L19-AP05,2633
RC1A-L19-AP04,2634
WC-L1-AP12,2635
WC-L1-AP11,2636
WC-L1-AP10,2637
WC-L1-AP15,2638
WC-L1-AP14,2639
WC-L1-AP13,2640
LKC-01-AP12,2641
WC-L1-AP19,2642
WC-L1-AP17,2643
MD7-05-AP1,2644
MD1-05-AP20,2645
MD1-L10-AP10,2646
WC-L1-AP22,2647
WC-L1-AP21,2648
WC-L1-AP20,2649
WC-L1-AP27,2650
MD1-L10-AP16,2651
WC-L1-AP24,2652
WC-L1-AP29,2653
WC-L1-AP28,2654
RC3-L26-AP03,2655
MD1-09-AP7,2656
MD1-09-AP6,2657
MD1-09-AP5,2658
RC3-L26-AP01,2659
RC3-L26-AP02,2660
MD7-05-AP03,2661
MD7-05-AP02,2662
MD1-09-AP1,2663
MD7-05-AP05,2664
MD1-05-AP15,2665
MD7-05-AP04,2666
MD1-05-AP13,2667
MD1-05-AP14,2668
APb026.8088.2e14,2669
MD1-09-AP9,2670
WC-L1-AP30,2671
MD7-05-AP06,2672
RC2-L2-AP18,2673
MD1-L7-AP28,2674
RC2-L2-AP10,2675
RC2-L2-AP12,2676
RC2-L2-AP11,2677
RC2-L2-AP14,2678
RC2-L2-AP13,2679
RC2-L2-AP16,2680
RC2-L2-AP15,2681
RC2-L2-AP07,2682
RC2-L2-AP06,2683
RC2-L2-AP09,2684
RC2-L2-AP08,2685
S5-05-AP03,2686
AS8-02-AP12,2687
AS8-02-AP13,2688
S5-05-AP04,2689
S5-05-AP05,2690
AS8-02-AP10,2691
AS8-02-AP11,2692
RC2-L2-AP01,2693
RC2-L2-AP03,2694
RC2-L2-AP02,2695
RC2-L2-AP05,2696
RC2-L2-AP04,2697
S4-02-AP10,2698
S4-02-AP12,2699
MD11-01-AP07,2700
BIZ1-06-AP17,2701
MD11-01-AP08,2702
BIZ1-06-AP16,2703
MD11-01-AP09,2704
BIZ1-06-AP19,2705
BIZ1-06-AP18,2706
MD11-01-AP03,2707
BIZ1-06-AP13,2708
MD11-01-AP04,2709
E4-07-AP09,2710
MD11-01-AP05,2711
BIZ1-06-AP15,2712
PGPH5-02-AP2,2713
MD11-01-AP06,2714
PGPH5-02-AP1,2715
AS7-04-AP1,2716
BIZ1-06-AP11,2717
MD11-01-AP01,2718
AS7-04-AP3,2719
MD11-01-AP02,2720
VENT-01-AP1,2721
BIZ1-06-AP10,2722
S4-02-AP01,2723
S4-02-AP02,2724
E4-07-AP10,2725
MD1-L7-AP21,2726
MD1-B1-AP8,2727
BIZ1-06-AP06,2728
S14-05-AP05,2729
MD1-B1-AP9,2730
BIZ1-06-AP05,2731
S13-02-AP01,2732
S13-01-AP2,2733
MD1-B1-AP6,2734
S13-01-AP1,2735
MD1-B1-AP7,2736
BIZ1-06-AP07,2737
S13-02-AP03,2738
BIZ1-06-AP02,2739
S13-02-AP02,2740
S14-05-AP01,2741
S13-02-AP05,2742
BIZ1-06-AP04,2743
S13-02-AP04,2744
BIZ1-06-AP03,2745
MD1-B1-AP3,2746
E4-07-AP06,2747
E4-07-AP05,2748
E4-07-AP08,2749
E4-07-AP07,2750
E4-07-AP02,2751
S13-01-AP3,2752
E4-07-AP01,2753
E4-07-AP04,2754
S12-04-AP3,2755
S12-04-AP4,2756
S12-04-AP1,2757
E1A-03-AP3,2758
E1A-03-AP4,2759
S12-04-AP2,2760
E1A-03-AP1,2761
E1A-03-AP2,2762
MD1-L12-AP9,2763
MD1-L12-AP8,2764
MD1-L12-AP4,2765
RC2-L1-AP7,2766
LT53-02-AP01,2767
RC2-L23-AP3,2768
WS2-04-AP5,2769
AH-04-AP7,2770
AH-04-AP8,2771
LT17-01-AP01,2772
LT17-01-AP02,2773
LT17-01-AP03,2774
LT17-01-AP04,2775
LT17-01-AP05,2776
LT17-01-AP06,2777
LT17-01-AP07,2778
LT17-01-AP08,2779
LT17-01-AP09,2780
MD6-09-AP03,2781
MD6-09-AP04,2782
LT17-01-AP10,2783
LT17-01-AP11,2784
LT17-01-AP12,2785
LT17-01-AP13,2786
MD6-09-AP01,2787
MD6-09-AP02,2788
MD11-01-AP14,2789
AP4055.39ca.5fc0,2790
MD11-01-AP15,2791
MD11-01-AP11,2792
MD6-02-AP14,2793
MD11-01-AP12,2794
MD6-02-AP11,2795
MD11-01-AP13,2796
MD6-02-AP12,2797
MD6-02-AP10,2798
TLAB-L5-AP10,2799
TLAB-L5-AP02,2800
LT11-01-AP10,2801
TLAB-L5-AP01,2802
LT11-01-AP12,2803
TLAB-L5-AP04,2804
TLAB-L5-AP03,2805
LT11-01-AP11,2806
TLAB-L5-AP06,2807
ERC-02-AP18,2808
ERC-02-AP19,2809
TLAB-L5-AP05,2810
ERC-02-AP16,2811
TLAB-L5-AP08,2812
MD6-02-AP16,2813
TLAB-L5-AP07,2814
ERC-02-AP14,2815
TLAB-L5-AP09,2816
LT11-01-AP17,2817
ERC-02-AP15,2818
ERC-02-AP12,2819
ERC-02-AP13,2820
LT11-01-AP14,2821
ERC-02-AP10,2822
LT11-01-AP13,2823
ERC-02-AP11,2824
LT11-01-AP16,2825
LT11-01-AP15,2826
CFA-01-AP02,2827
CFA-01-AP03,2828
CFA-01-AP01,2829
LT11-01-AP01,2830
FC-02-AP2,2831
CFA-01-AP04,2832
CFA-01-AP05,2833
LT11-01-AP07,2834
LT11-01-AP06,2835
LT11-01-AP09,2836
FC-02-AP1,2837
LT11-01-AP08,2838
LT11-01-AP03,2839
LT11-01-AP02,2840
LT11-01-AP05,2841
LT11-01-AP04,2842
RAP-STF-AP1,2843
RC2-L9-AP04,2844
AS4-01-AP09,2845
RC2-L9-AP03,2846
AS4-01-AP08,2847
E4A-05-AP5,2848
RC2-L9-AP02,2849
RC2-L9-AP01,2850
E4A-05-AP4,2851
AS4-01-AP05,2852
E4A-05-AP3,2853
S7-04-AP01,2854
AS4-01-AP04,2855
RC2-L9-AP07,2856
S7-04-AP02,2857
AS4-01-AP07,2858
E4A-05-AP1,2859
RC2-L9-AP06,2860
S7-04-AP03,2861
RC2-L9-AP05,2862
AS4-01-AP06,2863
AS4-01-AP01,2864
AS4-01-AP03,2865
AS4-01-AP02,2866
RC2-L2-AP30,2867
RC2-L2-AP29,2868
S17-03-AP03,2869
RC2-L2-AP28,2870
S17-03-AP04,2871
MD1-L17-AP14,2872
S17-03-AP05,2873
MD1-L17-AP15,2874
S17-03-AP06,2875
S17-03-AP07,2876
S17-03-AP08,2877
S17-03-AP01,2878
S17-03-AP02,2879
RC2-L2-AP21,2880
RC2-L2-AP20,2881
RC2-L2-AP22,2882
RC2-L2-AP25,2883
RC2-L2-AP24,2884
RC2-L2-AP26,2885
SSLS-01-AP1,2886
MD6-09-AP15,2887
MD6-09-AP17,2888
RC1A-L13-AP06,2889
RC1A-L13-AP07,2890
RC1A-L13-AP08,2891
RC1A-L13-AP09,2892
MD6-09-AP12,2893
MD6-09-AP13,2894
RC1A-L13-AP05,2895
AS4-01-AP12,2896
AS4-01-AP11,2897
AS4-01-AP14,2898
AS4-01-AP13,2899
AS4-01-AP10,2900
OTH-03-AP11,2901
YST-01-AP6,2902
MD6-13-AP10,2903
MD6-13-AP12,2904
MD6-13-AP11,2905
YST-01-AP2,2906
MD6-13-AP14,2907
MD6-13-AP13,2908
YST-01-AP3,2909
MD6-13-AP16,2910
MD6-13-AP18,2911
S14-05-AP4,2912
MD6-13-AP17,2913
S3-03-AP1,2914
S14-05-AP3,2915
YST-01-AP8,2916
YST-01-AP9,2917
S14-05-AP2,2918
S3-03-AP3,2919
S3-03-AP2,2920
S3-03-AP5,2921
S3-03-AP4,2922
S3-03-AP6,2923
OTH-03-AP12,2924
ERC-02-AP74,2925
MD4-03-AP09,2926
TLAB-L8-AP5,2927
TLAB-L8-AP4,2928
ERC-02-AP73,2929
TLAB-L8-AP7,2930
ERC-02-AP70,2931
MD4-03-AP08,2932
TLAB-L8-AP6,2933
TLAB-L8-AP9,2934
TLAB-L8-AP8,2935
TLAB-L8-AP1,2936
TLAB-L8-AP3,2937
TLAB-L8-AP2,2938
S16-04-AP05,2939
S16-04-AP06,2940
S16-04-AP07,2941
AP4055.3997.c3ed,2942
S16-04-AP08,2943
S16-04-AP09,2944
ERC-02-AP69,2945
ERC-02-AP67,2946
S16-04-AP01,2947
ERC-02-AP65,2948
MD4-03-AP05,2949
ERC-02-AP66,2950
AS8-01-AP1,2951
S16-04-AP02,2952
MD4-03-AP06,2953
ERC-02-AP63,2954
AS8-01-AP2,2955
AS8-01-AP3,2956
MD4-03-AP04,2957
S16-04-AP04,2958
ERC-02-AP64,2959
MD3-04-AP04,2960
E4-01-AP1,2961
E4-01-AP2,2962
E4-01-AP3,2963
MD3-04-AP05,2964
MD3-04-AP06,2965
MD3-04-AP09,2966
UT25-03-AP21,2967
UT25-03-AP20,2968
UT25-03-AP22,2969
GRN-01-AP7,2970
GRN-01-AP8,2971
GRN-01-AP5,2972
GRN-01-AP6,2973
GRN-01-AP3,2974
GRN-01-AP1,2975
GRN-01-AP2,2976
OTH-03-AP09,2977
OTH-03-AP08,2978
APecbd.1dc5.94c8,2979
YST-TEMP-AP4,2980
UT25-03-AP10,2981
YST-TEMP-AP3,2982
UT25-03-AP12,2983
YST-TEMP-AP2,2984
UT25-03-AP11,2985
YST-TEMP-AP1,2986
UT25-02-AP9,2987
UT25-02-AP8,2988
UT25-02-AP7,2989
UT25-03-AP14,2990
UT25-02-AP2,2991
UT25-03-AP13,2992
UT25-02-AP1,2993
UT25-03-AP16,2994
ERC-02-AP34,2995
UT25-03-AP15,2996
UT25-02-AP6,2997
ERC-02-AP32,2998
UT25-03-AP18,2999
UT25-02-AP5,3000
UT25-03-AP17,3001
UT25-02-AP4,3002
ERC-02-AP30,3003
UT25-02-AP3,3004
UT25-03-AP19,3005
RC3-L15-AP04,3006
LT5-01-AP10,3007
RC3-L15-AP03,3008
RC3-L15-AP02,3009
RC3-L15-AP01,3010
PGP6-02-AP1,3011
E1-03-AP1,3012
E1-03-AP2,3013
E1-03-AP3,3014
KRH-03-AP2,3015
E1-03-AP4,3016
E1-03-AP5,3017
KRH-03-AP4,3018
E2-CAFE-AP01,3019
ERC-02-AP27,3020
E2-CAFE-AP02,3021
ERC-02-AP25,3022
ERC-02-AP26,3023
ERC-02-AP23,3024
ERC-02-AP21,3025
ERC-02-AP22,3026
ERC-02-AP20,3027
ERC-02-AP61,3028
AS8-01-AP4,3029
ERC-02-AP62,3030
AS8-01-AP5,3031
AS8-01-AP6,3032
RC1A-L20-AP01,3033
ERC-02-AP60,3034
MD1-L16-AP9,3035
MD6-01-AP5,3036
MD6-01-AP6,3037
MD1-L16-AP8,3038
MD1-L16-AP7,3039
MD6-01-AP7,3040
MD1-L16-AP6,3041
MD6-01-AP1,3042
MD1-L16-AP5,3043
RC1B-L6-AP58,3044
MD6-01-AP2,3045
RC1B-L6-AP59,3046
MD6-01-AP3,3047
MD1-L16-AP3,3048
MD6-01-AP4,3049
MD1-L16-AP1,3050
CUSP-02-AP2,3051
CUSP-02-AP3,3052
CUSP-02-AP1,3053
ERC-02-AP58,3054
ERC-02-AP59,3055
CUSP-02-AP4,3056
ERC-02-AP56,3057
ERC-02-AP57,3058
ERC-02-AP54,3059
ERC-02-AP55,3060
CPS-03-AP1,3061
ERC-02-AP52,3062
ERC-02-AP53,3063
ERC-02-AP50,3064
S15-01-AP02,3065
S15-01-AP01,3066
ERC-02-AP47,3067
ERC-02-AP48,3068
ERC-02-AP45,3069
ERC-02-AP46,3070
S15-01-AP04,3071
ERC-02-AP43,3072
S15-01-AP03,3073
ERC-02-AP44,3074
S15-01-AP06,3075
ERC-02-AP42,3076
S15-01-AP05,3077
PGP15-01-AP1,3078
TLAB-03-AP03,3079
TLAB-03-AP06,3080
TLAB-03-AP05,3081
TLAB-03-AP08,3082
TLAB-03-AP07,3083
TLAB-03-AP09,3084
TLAB-03-AP02,3085
TLAB-03-AP01,3086
RC1B-L6-AP61,3087
AMHP-01-AP1,3088
RC1B-L6-AP62,3089
RC1B-L6-AP60,3090
I3-02-AP2,3091
LT26-01-AP03,3092
AMHP-01-AP8,3093
LT26-01-AP02,3094
AMHP-01-AP9,3095
CELS-03-AP9,3096
AMHP-01-AP6,3097
LT26-01-AP05,3098
APfc5b.396e.1770,3099
AMHP-01-AP7,3100
AMHP-01-AP4,3101
RC1A-L20-AP02,3102
CELS-03-AP6,3103
RC1A-L20-AP03,3104
AMHP-01-AP5,3105
TLAB-03-AP10,3106
AMHP-01-AP2,3107
RC1A-L20-AP04,3108
LT26-01-AP01,3109
AMHP-01-AP3,3110
CELS-03-AP7,3111
TLAB-03-AP12,3112
AS3-02-AP6,3113
AS7-06-AP05,3114
AS7-06-AP04,3115
AS7-06-AP03,3116
AS7-06-AP02,3117
LT26-01-AP07,3118
AS7-06-AP09,3119
LT26-01-AP06,3120
LT26-01-AP09,3121
AS7-06-AP07,3122
LT26-01-AP08,3123
AS3-02-AP1,3124
AS3-02-AP2,3125
AS3-02-AP3,3126
AS3-02-AP4,3127
AS3-02-AP5,3128
RC1A-L17-AP01,3129
KHY-01-AP1,3130
S16-07-AP13,3131
S16-07-AP11,3132
KHY-01-AP2,3133
LT26-01-AP10,3134
RC1A-L17-AP04,3135
KHY-01-AP3,3136
RC1A-L17-AP03,3137
KHY-01-AP4,3138
RC1A-L17-AP02,3139
LT26-01-AP11,3140
S16-03-AP1,3141
E3-01-Ap2,3142
S16-03-AP3,3143
MD6-13-AP9,3144
MD6-13-AP7,3145
MD6-13-AP6,3146
S16-03-AP9,3147
S16-03-AP8,3148
MM-03-AP8,3149
S16-03-AP5,3150
S16-03-AP4,3151
S16-03-AP7,3152
MM-03-AP7,3153
S16-03-AP6,3154
LT21-01-AP06,3155
LT21-01-AP05,3156
LT21-01-AP04,3157
LT21-01-AP03,3158
LT21-01-AP02,3159
LT21-01-AP01,3160
FOD-01-AP5,3161
FOD-01-AP6,3162
FOD-01-AP7,3163
FOD-01-AP8,3164
RC3-L5-AP08,3165
FOD-01-AP1,3166
FOD-01-AP2,3167
FOD-01-AP3,3168
FOD-01-AP4,3169
TBS-01-AP3,3170
S16-07-AP10,3171
S16-07-AP07,3172
S16-07-AP06,3173
S16-07-AP03,3174
S16-07-AP02,3175
S16-07-AP01,3176
RC3-L5-AP04,3177
RC3-L5-AP06,3178
RC3-L5-AP07,3179
S16-07-AP09,3180
RC3-L5-AP02,3181
S16-07-AP08,3182
THE-04-AP1,3183
TBS-01-AP1,3184
TBS-01-AP2,3185
TMPH-B1-AP2,3186
TMPH-B1-AP1,3187
RC3A-L5-AP1,3188
RC3A-L5-AP3,3189
AS3-05-AP01,3190
EC-L3-AP3,3191
EC-L3-AP2,3192
AS3-05-AP02,3193
E3A-02-AP3,3194
AS3-05-AP03,3195
EC-L3-AP5,3196
EC-L3-AP4,3197
E3A-02-AP2,3198
AS3-05-AP04,3199
E3A-02-AP5,3200
E2-05-AP10,3201
EC-L3-AP1,3202
E3A-02-AP6,3203
RC1B-L3-AP45,3204
MD1-L2-AP7,3205
MD1-L2-AP8,3206
MD1-L2-AP9,3207
AH-04-AP12,3208
AH-04-AP11,3209
MD6-13-AP01,3210
MD1-L2-AP3,3211
MD1-L2-AP4,3212
AH-04-AP13,3213
RC1B-L3-AP48,3214
MD1-L2-AP5,3215
RC1B-L3-AP47,3216
MD6-13-AP03,3217
MD1-L2-AP6,3218
RC1B-L3-AP46,3219
MD6-13-AP02,3220
AH-04-AP15,3221
MD6-13-AP04,3222
MD1-L2-AP1,3223
E2-05-AP09,3224
MD1-L2-AP2,3225
AS3-05-AP09,3226
AS3-05-AP06,3227
EC-L3-AP6,3228
AS3-05-AP07,3229
AS3-05-AP08,3230
EC-L3-AP8,3231
EA-06-AP05,3232
SNRC-03-AP10,3233
EA-06-AP03,3234
EA-06-AP04,3235
HMK-06-AP01,3236
HMK-06-AP02,3237
E2-05-AP03,3238
SNRC-03-AP17,3239
E2-05-AP04,3240
E2-05-AP01,3241
CRE-01-AP10,3242
SNRC-03-AP15,3243
SNRC-03-AP16,3244
E2-05-AP02,3245
E2-05-AP07,3246
CRE-01-AP12,3247
CRE-01-AP11,3248
E2-05-AP08,3249
SNRC-03-AP14,3250
CRE-01-AP14,3251
E2-05-AP05,3252
CRE-01-AP13,3253
E2-05-AP06,3254
S12-03-AP03,3255
S12-03-AP06,3256
S12-03-AP07,3257
SNRC-03-AP08,3258
S12-03-AP04,3259
S12-03-AP05,3260
SNRC-03-AP09,3261
AS8-06-AP19,3262
AS8-06-AP17,3263
BB-03-AP37,3264
AS8-06-AP16,3265
AS8-06-AP15,3266
AS8-06-AP14,3267
AS8-06-AP13,3268
AS8-06-AP12,3269
SNRC-03-AP28,3270
SNRC-03-AP29,3271
SDE2-03-AP01,3272
SNRC-03-AP26,3273
SDE2-03-AP03,3274
SDE2-03-AP02,3275
SDE2-03-AP05,3276
SDE2-03-AP04,3277
SDE2-03-AP07,3278
SDE2-03-AP06,3279
SDE2-03-AP09,3280
SDE2-03-AP08,3281
CELS-02-AP09,3282
CELS-02-AP08,3283
S11-03-AP1,3284
MD1-01-AP06,3285
BB-03-AP32,3286
BB-03-AP31,3287
AS8-06-AP10,3288
CC-02-AP08,3289
BB-03-AP30,3290
BB-03-AP36,3291
BB-03-AP35,3292
BB-03-AP34,3293
BB-03-AP33,3294
S4A-03-AP3,3295
BB-03-AP29,3296
SNRC-03-AP31,3297
BB-03-AP28,3298
SNRC-03-AP32,3299
BB-03-AP27,3300
S4A-03-AP1,3301
BB-03-AP26,3302
S14-02-AP2,3303
S14-02-AP1,3304
AP0022.bd1b.9536,3305
BB-03-AP21,3306
EAUD-01-AP08,3307
BB-03-AP20,3308
EAUD-01-AP07,3309
EAUD-01-AP09,3310
BB-03-AP25,3311
BB-03-AP24,3312
BB-03-AP23,3313
BB-03-AP22,3314
CRE-01-AP05,3315
BB-03-AP18,3316
BB-03-AP17,3317
CRE-01-AP04,3318
BB-03-AP16,3319
CRE-01-AP07,3320
EAUD-01-AP02,3321
CRE-01-AP06,3322
BB-03-AP15,3323
EAUD-01-AP01,3324
CRE-01-AP09,3325
EAUD-01-AP04,3326
CRE-01-AP08,3327
PGP1-02-AP1,3328
EAUD-01-AP03,3329
EAUD-01-AP06,3330
BB-03-AP19,3331
EAUD-01-AP05,3332
CRE-01-AP01,3333
CRE-01-AP03,3334
CRE-01-AP02,3335
BB-03-AP14,3336
BB-03-AP13,3337
BB-03-AP12,3338
BB-03-AP11,3339
S4A-03-AP05,3340
S4A-03-AP04,3341
S4A-03-AP06,3342
ASN-02-AP6,3343
MD7-02-AP10,3344
VENT-03-AP10,3345
MD7-02-AP11,3346
S4A-03-AP02,3347
AS2-05-AP01,3348
AP4055.39f2.23ff,3349
MD7-02-AP01,3350
AS2-05-AP02,3351
AS2-05-AP03,3352
MD7-02-AP02,3353
AS2-05-AP04,3354
AS2-05-AP05,3355
S1A-02-AP4,3356
S1A-02-AP2,3357
S1A-02-AP3,3358
RC3-L8-AP01,3359
RC3-L8-AP02,3360
RC3-L8-AP05,3361
AS2-05-AP06,3362
MD7-02-AP05,3363
RC3-L8-AP06,3364
AS2-05-AP07,3365
MD7-02-AP03,3366
RC3-L8-AP03,3367
AS2-05-AP08,3368
MD7-02-AP04,3369
AS2-05-AP09,3370
MD7-02-AP09,3371
RC3-L8-AP07,3372
MD7-02-AP07,3373
MD7-02-AP08,3374
RC3-L8-AP08,3375
RC3-L9-AP03,3376
RC3-L9-AP02,3377
AS2-05-AP10,3378
RC3-L9-AP01,3379
RC3-L9-AP08,3380
RC3-L9-AP07,3381
AS4-04-AP03,3382
AS4-04-AP04,3383
RC3-L9-AP06,3384
RC3-L9-AP04,3385
AS4-04-AP06,3386
AS4-04-AP01,3387
AS4-04-AP02,3388
AS8-06-AP21,3389
AS8-06-AP20,3390
MD2-04-AP02,3391
MD6-01-EXAM-TEMP3,3392
S13-M-AP2,3393
S13-M-AP1,3394
S13-M-AP6,3395
MD6-05-AP2,3396
MD6-05-AP1,3397
S13-M-AP5,3398
S13-M-AP4,3399
S13-M-AP3,3400
YST-01-AP22,3401
E3-04-AP2,3402
E3-04-AP1,3403
E3-04-AP4,3404
YST-01-AP20,3405
YST-01-AP21,3406
E3-04-AP3,3407
SCICNT-01-AP01,3408
SCICNT-01-AP03,3409
SCICNT-01-AP02,3410
SCICNT-01-AP05,3411
MD1-L6-AP6,3412
SCICNT-01-AP04,3413
MD1-L6-AP5,3414
SCICNT-01-AP07,3415
SCICNT-01-AP06,3416
SCICNT-01-AP09,3417
TEST-CLIB,3418
MD1-L6-AP2,3419
SCICNT-01-AP08,3420
MD1-L6-AP1,3421
S5-05-AP2,3422
MD1-L4-AP11,3423
MD1-16-AP10,3424
S5-05-AP1,3425
YST-01-AP19,3426
MD1-16-AP12,3427
MD1-L6-AP8,3428
MD1-16-AP11,3429
MD1-L6-AP7,3430
MD1-16-AP14,3431
MD1-16-AP13,3432
MD1-L6-AP9,3433
YST-01-AP16,3434
YST-01-AP17,3435
YST-01-AP18,3436
YST-01-AP11,3437
YST-01-AP12,3438
YST-01-AP14,3439
YST-01-AP10,3440
SCICNT-01-AP10,3441
SCICNT-01-AP12,3442
SCICNT-01-AP11,3443
E3A-05-AP6,3444
AS1-02-AP12,3445
AS1-02-AP11,3446
AS1-02-AP14,3447
AS1-02-AP13,3448
FOD-02-AP10,3449
E3A-05-AP4,3450
E3A-05-AP3,3451
E3A-05-AP2,3452
AS1-02-AP10,3453
E3A-05-AP1,3454
AS1-02-AP19,3455
AS1-02-AP16,3456
AS1-02-AP15,3457
AS1-02-AP18,3458
AS1-02-AP17,3459
AH-01-AP5,3460
AH-01-AP7,3461
VENT-03-AP06,3462
VENT-03-AP03,3463
VENT-03-AP04,3464
ERC-03-AP1,3465
VENT-03-AP02,3466
AS1-02-AP01,3467
AS1-02-AP03,3468
AS1-02-AP02,3469
VENT-03-AP07,3470
VENT-03-AP08,3471
AS1-02-AP09,3472
AS1-02-AP08,3473
AS1-02-AP05,3474
AS1-02-AP04,3475
AS1-02-AP07,3476
AS1-02-AP06,3477
ERC-03-AP4,3478
ERC-03-AP5,3479
ERC-03-AP3,3480
MD1-09-AP10,3481
MD1-09-AP13,3482
MD1-09-AP11,3483
E6-02-AP28,3484
BB-04-AP11,3485
BB-04-AP12,3486
E6-02-AP26,3487
E6-02-AP27,3488
BB-04-AP14,3489
MD1-09-AP15,3490
BB-04-AP15,3491
E6-02-AP25,3492
I3-02-AP10,3493
I3-02-AP11,3494
LKC-01-AP3,3495
LKC-01-AP2,3496
LKC-01-AP5,3497
AS7-02-AP01,3498
LKC-01-AP4,3499
AS7-02-AP02,3500
AS7-02-AP03,3501
LKC-01-AP6,3502
AS7-02-AP04,3503
LKC-01-AP9,3504
AS7-02-AP05,3505
BB-04-AP16,3506
AS7-02-AP06,3507
BB-04-AP17,3508
AS7-02-AP07,3509
MD1-09-AP20,3510
MD1-09-AP21,3511
I3-02-AP09,3512
USC-02-AP01,3513
AH-01-AP2,3514
MD1-09-AP24,3515
MD1-09-AP25,3516
I3-02-AP08,3517
MD1-09-AP22,3518
I3-02-AP05,3519
MD1-09-AP23,3520
I3-02-AP03,3521
USC-02-AP05,3522
MD1-09-AP28,3523
USC-02-AP04,3524
E6-02-AP16,3525
MD1-09-AP29,3526
I3-02-AP04,3527
I3-02-AP01,3528
USC-02-AP03,3529
USC-02-AP02,3530
MD1-09-AP27,3531
USC-02-AP07,3532
USC-02-AP06,3533
LKC-01-AP1,3534
LT12-01-AP03,3535
LT52-02-AP03,3536
LT52-02-AP02,3537
LT12-01-AP04,3538
LT52-02-AP05,3539
LT12-01-AP01,3540
LT52-02-AP04,3541
LT12-01-AP02,3542
LT12-01-AP05,3543
LT52-02-AP01,3544
LT12-01-AP06,3545
E6-02-AP20,3546
MD1-09-AP30,3547
BB-04-AP30,3548
MD1-L4-AP07,3549
CC-02-AP10,3550
E6-02-AP09,3551
CC-02-AP11,3552
MD1-L4-AP08,3553
CC-02-AP12,3554
E6-02-AP06,3555
BIZ2-04-AP1,3556
E6-02-AP07,3557
E6-02-AP04,3558
E6-02-AP05,3559
E6-02-AP03,3560
BIZ2-04-AP6,3561
BIZ2-04-AP7,3562
BIZ2-04-AP8,3563
MD1-L4-AP01,3564
MD1-L4-AP02,3565
BIZ2-04-AP2,3566
MD1-L4-AP03,3567
MD1-L4-AP04,3568
BIZ2-04-AP4,3569
MD1-L4-AP05,3570
BIZ2-04-AP5,3571
MD1-L4-AP06,3572
CELS-02-AP15,3573
CELS-02-AP14,3574
YST-01-AP07,3575
CELS-02-AP13,3576
BIZ2-05-AP10,3577
YST-01-AP01,3578
S15-04-AP10,3579
BIZ2-05-AP11,3580
CELS-02-AP19,3581
S15-04-AP11,3582
BIZ2-05-AP12,3583
S15-04-AP12,3584
AP843d.c66d.002b,3585
E6-02-AP10,3586
CELS-02-AP12,3587
LT7A-AP-04,3588
CELS-02-AP11,3589
LT7A-AP-01,3590
LT7A-AP-02,3591
BB-04-AP22,3592
BB-04-AP23,3593
BB-04-AP24,3594
BB-04-AP25,3595
BB-04-AP26,3596
TLAB-10-AP11,3597
MD6-B1-AP09,3598
TLAB-10-AP13,3599
TLAB-10-AP12,3600
BIZ2-05-AP07,3601
TLAB-10-AP15,3602
TLAB-10-AP14,3603
SNRC-03-AP03,3604
BIZ2-05-AP09,3605
SNRC-03-AP01,3606
S15-04-AP02,3607
BIZ2-05-AP03,3608
S15-04-AP03,3609
S15-04-AP04,3610
S15-04-AP05,3611
BIZ2-05-AP06,3612
S15-04-AP01,3613
BIZ2-05-AP02,3614
BB-04-AP27,3615
BB-04-AP28,3616
E6-02-AP01,3617
S15-04-AP06,3618
S15-04-AP07,3619
S15-04-AP08,3620
CELS-02-AP20,3621
MD6-B1-AP10,3622
S15-04-AP09,3623
RC1B-L13-AP04,3624
RC1B-L13-AP03,3625
RC1B-L13-AP02,3626
RC1B-L13-AP01,3627
E1-08-AP09,3628
E1-08-AP05,3629
E1-08-AP06,3630
E1-08-AP07,3631
E1-08-AP08,3632
E1-08-AP01,3633
E1-08-AP02,3634
E1-08-AP03,3635
E1-08-AP04,3636
AP80e0.1d80.e6ad,3637
EA-02-AP9,3638
E1A-04-AP02,3639
AS5-04-AP01,3640
AS5-04-AP02,3641
UHC-B1-AP06,3642
UHC-B1-AP07,3643
AS5-04-AP03,3644
UHC-B1-AP04,3645
AS5-04-AP04,3646
AS5-04-AP05,3647
UHC-B1-AP05,3648
UHC-B1-AP02,3649
AS5-04-AP06,3650
UHC-B1-AP03,3651
AS5-04-AP07,3652
AS5-04-AP08,3653
UHC-B1-AP01,3654
AS5-04-AP09,3655
E1-08-AP10,3656
E1-08-AP11,3657
EHALLE-02-AP1,3658
RC3-L19-AP03,3659
RC3-L19-AP04,3660
RC3-L19-AP01,3661
PGPH18-02-AP1,3662
RC3-L19-AP02,3663
LKC-05-AP1,3664
RC3-L19-AP05,3665
LKC-05-AP2,3666
LKC-05-AP3,3667
S8-03-AP06,3668
S8-03-AP05,3669
S8-03-AP04,3670
S8-03-AP03,3671
S8-03-AP02,3672
MD7-02-AP6,3673
S8-03-AP01,3674
S8-03-AP09,3675
S8-03-AP08,3676
S8-03-AP07,3677
S1A-06-AP1,3678
S1A-06-AP2,3679
S1A-06-AP3,3680
S1A-06-AP4,3681
RC1A-L7-AP02,3682
RC1A-L7-AP05,3683
RC1A-L7-AP04,3684
S16-08-AP09,3685
LT16-01-AP10,3686
LT16-01-AP11,3687
S16-08-AP06,3688
S16-08-AP07,3689
S16-08-AP08,3690
S16-08-AP01,3691
S16-08-AP02,3692
S16-08-AP03,3693
TB-04-AP09,3694
TB-04-AP07,3695
TB-04-AP08,3696
LT16-01-AP09,3697
LT16-01-AP05,3698
LT16-01-AP06,3699
LT16-01-AP07,3700
LT16-01-AP08,3701
LT16-01-AP01,3702
LT16-01-AP02,3703
LT16-01-AP03,3704
LT16-01-AP04,3705
MBA-01-AP1,3706
MBA-01-AP2,3707
E1-05-AP15,3708
E1-05-AP13,3709
E1-05-AP14,3710
E1-05-AP11,3711
E1-05-AP12,3712
E1-05-AP10,3713
E5-01-AP7,3714
RC2-M-AP05,3715
E5-01-AP6,3716
RC2-M-AP06,3717
RC2-M-AP07,3718
RC2-M-AP08,3719
RC2-M-AP09,3720
THALL-B1-AP1,3721
E5-01-AP1,3722
THALL-B1-AP3,3723
E5-01-AP3,3724
E5-01-AP2,3725
E5-01-AP5,3726
E5-01-AP4,3727
LT50-01-AP04,3728
RC2-M-AP10,3729
RC2-M-AP11,3730
RC2-M-AP12,3731
RC2-M-AP13,3732
RC2-M-AP14,3733
S4-04-AP3,3734
S4-04-AP4,3735
TB-04-AP02,3736
TB-04-AP05,3737
TB-04-AP06,3738
TB-04-AP03,3739
TB-04-AP04,3740
S5-01-AP3,3741
S5-01-AP2,3742
S5-01-AP1,3743
RC2-L12-AP06,3744
RC2-L12-AP05,3745
KVBA-01-AP6,3746
KVBA-01-AP7,3747
KVBA-01-AP4,3748
KVBA-01-AP5,3749
E6-05-AP04,3750
RC2-M-AP01,3751
KVBA-01-AP2,3752
KVBA-01-AP3,3753
RC2-M-AP03,3754
KVBA-01-AP1,3755
S2-03-AP9,3756
S2-03-AP8,3757
S2-03-AP7,3758
S2-03-AP6,3759
S2-03-AP5,3760
S2-03-AP4,3761
S2-03-AP3,3762
RC2-L12-AP04,3763
S2-03-AP2,3764
RC2-L12-AP03,3765
S2-03-AP1,3766
RC2-L12-AP02,3767
RC2-L12-AP01,3768
KADH-B1-AP2,3769
KADH-B1-AP3,3770
KADH-B1-AP4,3771
KADH-B1-AP5,3772
KADH-B1-AP6,3773
KADH-B1-AP7,3774
KADH-B1-AP8,3775
KADH-B1-AP9,3776
KEH-03-AP1,3777
KADH-B1-AP1,3778
E2A-03-AP8,3779
E2A-03-AP9,3780
RC3-L23-AP04,3781
RC3-L23-AP03,3782
E4A-02-AP1,3783
RC3-L23-AP02,3784
E2A-03-AP2,3785
E2A-03-AP3,3786
E2A-03-AP1,3787
E2A-03-AP6,3788
E2A-03-AP7,3789
E2A-03-AP5,3790
EA-03-AP03,3791
RC1B-L10-AP03,3792
EA-03-AP02,3793
RC1B-L10-AP02,3794
RC1B-L10-AP01,3795
EA-03-AP01,3796
EA-03-AP07,3797
E4-04-AP19,3798
EA-03-AP06,3799
E4-04-AP17,3800
EA-03-AP04,3801
E4-04-AP18,3802
SFAH-01-AP08,3803
SFAH-01-AP09,3804
SFAH-01-AP04,3805
E1-05-AP08,3806
SFAH-01-AP05,3807
E1-05-AP09,3808
LT20-01-AP04,3809
SFAH-01-AP06,3810
E1-05-AP06,3811
LT20-01-AP05,3812
SFAH-01-AP07,3813
E1-05-AP07,3814
CFA-02-AP1,3815
E1-05-AP04,3816
E1-05-AP05,3817
SFAH-01-AP01,3818
SFAH-01-AP02,3819
E1-05-AP02,3820
E1-05-AP03,3821
SFAH-01-AP03,3822
E1-05-AP01,3823
E4-04-AP24,3824
E4-04-AP25,3825
EA-03-AP08,3826
E4-04-AP22,3827
LT20-01-AP02,3828
LT20-01-AP03,3829
E4-04-AP23,3830
E4-04-AP20,3831
LT20-01-AP01,3832
E4-04-AP21,3833
YIH-04-AP6,3834
EA-03-AP14,3835
YIH-04-AP5,3836
RC2-L5-AP07,3837
EA-03-AP13,3838
YIH-04-AP4,3839
RC2-L5-AP06,3840
EA-03-AP12,3841
YIH-04-AP3,3842
EA-03-AP11,3843
MD9-03-AP6,3844
RC2-L5-AP04,3845
YIH-04-AP9,3846
RC2-L5-AP03,3847
MD9-03-AP7,3848
EA-03-AP17,3849
EA-03-AP16,3850
YIH-04-AP8,3851
YIH-04-AP7,3852
EA-03-AP15,3853
MD9-03-AP2,3854
MD9-03-AP3,3855
MD6-09-AP9,3856
MD9-03-AP4,3857
MD9-03-AP5,3858
MD6-09-AP6,3859
MD6-09-AP5,3860
MD6-09-AP8,3861
MD9-03-AP1,3862
MD6-09-AP7,3863
SDE1-03-AP10,3864
SDWA-01-AP1,3865
YIH-04-AP2,3866
YIH-04-AP1,3867
RC1B-L10-AP04,3868
RC3-L16-AP01,3869
AS4-06-AP1,3870
AS4-06-AP2,3871
AS4-06-AP3,3872
AS4-06-AP4,3873
RC3-L16-AP02,3874
RC3-L16-AP03,3875
RC3-L16-AP04,3876
RC3-L16-AP05,3877
E4-04-AP03,3878
E4-04-AP01,3879
E4-04-AP08,3880
E4-04-AP06,3881
CLL-01-AP4,3882
BIZ1-02-AP06,3883
CLL-01-AP3,3884
BIZ1-02-AP05,3885
BIZ1-02-AP08,3886
BIZ1-02-AP07,3887
BIZ1-02-AP09,3888
BIZ1-02-AP02,3889
BIZ1-02-AP01,3890
BIZ1-02-AP04,3891
BIZ1-02-AP03,3892
E4-04-AP15,3893
E4-04-AP16,3894
E4-04-AP13,3895
MD4-04-AP6,3896
E4-04-AP14,3897
E4-04-AP11,3898
E4-04-AP12,3899
MD4-04-AP3,3900
WT-03-AP02,3901
HSSML-03-AP6,3902
WT-03-AP01,3903
WT-03-AP04,3904
WT-03-AP03,3905
BIZ1-02-AP17,3906
RC2-L15-AP05,3907
BIZ1-02-AP16,3908
RC2-L15-AP04,3909
BIZ1-02-AP19,3910
BIZ1-02-AP18,3911
RC2-L15-AP06,3912
RC2-L15-AP01,3913
PGPH17-02-AP02,3914
RC2-L15-AP03,3915
RC2-L15-AP02,3916
BIZ1-02-AP11,3917
BIZ1-02-AP10,3918
BIZ1-02-AP13,3919
BIZ1-02-AP12,3920
BIZ1-02-AP15,3921
BIZ1-02-AP14,3922
WT-03-AP10,3923
MD11-04-AP5,3924
CELCS-05-AP14,3925
MD11-04-AP6,3926
BIZ1-02-AP20,3927
BIZ1-02-AP22,3928
BIZ1-02-AP21,3929
BIZ1-02-AP23,3930
E2A-03-AP20,3931
E2A-03-AP21,3932
E4A-04-AP2,3933
E4A-04-AP1,3934
E4A-04-AP4,3935
E4A-04-AP3,3936
MD6-03-AP30,3937
E2A-03-AP19,3938
E2A-03-AP15,3939
E2A-03-AP16,3940
E2A-03-AP17,3941
E2A-03-AP18,3942
E2A-03-AP11,3943
E2A-03-AP12,3944
E2A-03-AP13,3945
E2A-03-AP14,3946
E2A-03-AP10,3947
S4-01-AP3,3948
PGP10-01-AP1,3949
S4-01-AP1,3950
S4-01-AP2,3951
SRC-04-AP1,3952
S10-02-AP7,3953
S10-02-AP8,3954
S10-02-AP9,3955
MD1-13-AP01,3956
UHC-01-AP20,3957
S10-02-AP1,3958
S10-02-AP2,3959
S10-02-AP3,3960
S10-02-AP4,3961
S10-02-AP5,3962
S10-02-AP6,3963
E1A-04-AP4,3964
UHC-01-AP19,3965
E1A-04-AP5,3966
UHC-01-AP17,3967
SSLS-M1-AP1,3968
UHC-01-AP18,3969
UHC-01-AP15,3970
E1A-04-AP1,3971
UHC-01-AP16,3972
UHC-01-AP13,3973
UHC-01-AP14,3974
TB-05-AP07,3975
TB-05-AP06,3976
TB-05-AP02,3977
E2A-03-AP30,3978
AP843d.c66c.e959,3979
E2A-03-AP31,3980
CELC-02-AP01,3981
TB-05-AP09,3982
UHC-01-AP11,3983
CELC-02-AP06,3984
UHC-01-AP12,3985
CELC-02-AP07,3986
CELC-02-AP08,3987
UHC-01-AP10,3988
CELC-02-AP02,3989
CELC-02-AP03,3990
CELC-02-AP04,3991
UHC-01-AP08,3992
UHC-01-AP09,3993
UHC-01-AP06,3994
UHC-01-AP07,3995
UHC-01-AP04,3996
UHC-01-AP05,3997
UHC-01-AP02,3998
UHC-01-AP03,3999
E2A-03-AP26,4000
E2A-03-AP27,4001
E2A-03-AP28,4002
E2A-03-AP22,4003
E2A-03-AP23,4004
E2A-03-AP24,4005
E2A-03-AP25,4006
E4-06-AP10,4007
E4-06-AP12,4008
E4-06-AP08,4009
S7-03-AP03,4010
S7-03-AP02,4011
E4-06-AP09,4012
S7-03-AP01,4013
S7-03-AP06,4014
S7-03-AP05,4015
S7-03-AP04,4016
E4-06-AP01,4017
E4-06-AP02,4018
E4-06-AP03,4019
E4-06-AP04,4020
E4-06-AP05,4021
MD1-L6-AP11,4022
E4-06-AP06,4023
E4-06-AP07,4024
LT28-01-AP02,4025
LT28-01-AP03,4026
S3-06-AP2,4027
LT28-01-AP01,4028
LT28-01-AP08,4029
LT28-01-AP09,4030
LT28-01-AP06,4031
LT28-01-AP07,4032
LT28-01-AP04,4033
LT28-01-AP05,4034
MD1-L6-AP20,4035
MD1-L6-AP14,4036
MD1-L6-AP15,4037
LT28-01-AP11,4038
MD1-L6-AP12,4039
LT28-01-AP12,4040
MD1-L6-AP13,4041
LT28-01-AP10,4042
MD1-L6-AP19,4043
AP70e4.22a1.7798,4044
KADH-B1-AP10,4045
SB-L2-AP5,4046
SB-L2-AP6,4047
SB-L2-AP2,4048
PGPH2-01-AP2,4049
AH-03-AP03,4050
RC1B-L12-AP01,4051
AH-03-AP04,4052
RC1B-L12-AP03,4053
RC1B-L12-AP02,4054
RC1B-L12-AP05,4055
RC1B-L12-AP04,4056
AH-03-AP09,4057
S15-05-AP2,4058
S15-05-AP3,4059
MD1-04-AP12,4060
S10-01-AP21,4061
MD1-06-AP21,4062
S10-01-AP20,4063
CC-01-AP2,4064
AH-03-AP12,4065
AH-03-AP14,4066
AH-03-AP10,4067
S10-01-AP19,4068
S10-01-AP18,4069
S10-01-AP17,4070
S10-01-AP16,4071
S10-01-AP15,4072
AP843d.c66c.f425,4073
S10-01-AP14,4074
S10-01-AP13,4075
S10-01-AP12,4076
S10-01-AP11,4077
S10-01-AP10,4078
OTH-3M-AP05,4079
OTH-3M-AP06,4080
MD7-04-AP05,4081
LT37-03-AP12,4082
LT37-03-AP11,4083
E1A-07-AP14,4084
MD1-06-AP18,4085
LT37-03-AP10,4086
MD1-06-AP17,4087
CDTL-06-AP2,4088
CDTL-06-AP3,4089
MD1-06-AP16,4090
E3-B1-AP1,4091
CDTL-06-AP1,4092
MD7-04-AP01,4093
MD7-04-AP02,4094
MD7-04-AP03,4095
MD7-04-AP04,4096
LT37-03-AP09,4097
LT37-03-AP08,4098
LT37-03-AP05,4099
LT37-03-AP04,4100
S4-03-AP07,4101
LT37-03-AP07,4102
LT37-03-AP06,4103
LT37-03-AP01,4104
RC1B-L9-AP01,4105
S4-03-AP06,4106
LT37-03-AP03,4107
S4-03-AP03,4108
RC1B-L9-AP02,4109
LT37-03-AP02,4110
RC1B-L9-AP03,4111
RC1B-L9-AP04,4112
RC1B-L9-AP05,4113
APf8c2.8884.39c8,4114
ENG-CTN-02-AP3,4115
ENG-CTN-02-AP2,4116
RC3-L25-AP01,4117
ENG-CTN-02-AP1,4118
RC3-L25-AP03,4119
RC3-L25-AP02,4120
NAK-02-AP06,4121
UHALL-01-AP12,4122
RC3-L6-AP02,4123
ETS-02-AP07,4124
NAK-02-AP05,4125
RC3-L6-AP01,4126
CELC-02-AP10,4127
UHALL-01-AP11,4128
NAK-02-AP04,4129
RC3-L6-AP04,4130
UHALL-01-AP14,4131
NAK-02-AP03,4132
RC3-L6-AP03,4133
UHALL-01-AP13,4134
CELC-02-AP12,4135
RC3-L6-AP06,4136
RC3-L6-AP08,4137
RC3-L6-AP07,4138
CELC-02-AP17,4139
AS3-04-AP04,4140
AS3-04-AP05,4141
CELC-02-AP18,4142
WS2-03-AP1,4143
AS3-04-AP06,4144
AS3-04-AP07,4145
NAK-02-AP02,4146
AS3-04-AP08,4147
CELC-02-AP13,4148
NAK-02-AP01,4149
AS3-04-AP09,4150
CELC-02-AP14,4151
CELC-02-AP15,4152
ETS-02-AP05,4153
ETS-02-AP06,4154
MD1-B1-AP12,4155
SNRC-01-AP46,4156
MD1-B1-AP10,4157
SNRC-01-AP42,4158
WS2-03-AP3,4159
AS3-04-AP01,4160
WS2-03-AP2,4161
AS3-04-AP02,4162
SNRC-01-AP44,4163
AS3-04-AP03,4164
WS2-03-AP4,4165
UHALL-01-AP09,4166
EA-02-AP12,4167
RC3-L20-AP04,4168
UHALL-01-AP05,4169
EA-02-AP13,4170
RC3-L20-AP03,4171
UHALL-01-AP04,4172
EA-02-AP10,4173
UHALL-01-AP07,4174
EA-02-AP11,4175
RC3-L20-AP02,4176
CELC-02-AP23,4177
RC3-L20-AP01,4178
EW1-01-AP4,4179
EW1-01-AP3,4180
EW1-01-AP2,4181
EW1-01-AP1,4182
SNRC-01-AP29,4183
AS3-04-AP10,4184
GRS-01-AP6,4185
AS3-04-AP11,4186
LT19-01-AP4,4187
GRS-01-AP7,4188
AS3-04-AP12,4189
LT19-01-AP3,4190
AS3-04-AP13,4191
SNRC-01-AP33,4192
UHALL-01-AP16,4193
UHALL-01-AP15,4194
APfc5b.396e.48e8,4195
YIH-01-AP1,4196
YIH-01-AP2,4197
GRS-01-AP2,4198
GRS-01-AP3,4199
GRS-01-AP4,4200
GRS-01-AP5,4201
GRS-01-AP1,4202
RC3-L10-Ap06,4203
RC1A-01F-AP73,4204
EA-02-AP08,4205
EA-02-AP05,4206
EA-02-AP04,4207
CLIB-04-AP01,4208
CLIB-04-AP02,4209
TLAB-02-AP01,4210
TLAB-02-AP06,4211
TLAB-02-AP07,4212
TLAB-02-AP08,4213
TLAB-02-AP09,4214
TLAB-02-AP02,4215
TLAB-02-AP04,4216
TLAB-02-AP05,4217
CLIB-04-AP09,4218
CLIB-04-AP07,4219
CLIB-04-AP08,4220
CLIB-04-AP05,4221
CLIB-04-AP06,4222
CLIB-04-AP03,4223
CLIB-04-AP04,4224
CLIB-04-AP12,4225
CLIB-04-AP13,4226
CLIB-04-AP10,4227
CLIB-04-AP11,4228
LT10-01-AP02,4229
LT10-01-AP01,4230
LT10-01-AP04,4231
ERC-B1-AP3,4232
LT10-01-AP03,4233
ERC-B1-AP2,4234
LT10-01-AP06,4235
CLIB-04-AP18,4236
ERC-B1-AP5,4237
ERC-B1-AP4,4238
LT10-01-AP05,4239
CLIB-04-AP19,4240
CLIB-04-AP16,4241
CLIB-04-AP17,4242
ERC-B1-AP1,4243
CLIB-04-AP14,4244
CLIB-04-AP15,4245
BIZ2-03-AP08,4246
APa0ec.f927.23cc,4247
ERC-B1-AP7,4248
ERC-B1-AP9,4249
BIZ2-03-AP09,4250
EC-L2-AP9,4251
EC-L2-AP8,4252
EC-L2-AP7,4253
EC-L2-AP6,4254
EC-L2-AP5,4255
EC-L2-AP4,4256
EC-L2-AP3,4257
EC-L2-AP2,4258
RC1A-GF-AP07,4259
EC-L2-AP1,4260
FOD-04-AP2,4261
TLAB-06-AP01,4262
RC1A-GF-AP06,4263
TLAB-06-AP02,4264
TLAB-06-AP03,4265
FOD-04-AP1,4266
BIZ2-03-AP03,4267
TLAB-06-AP04,4268
TLAB-06-AP05,4269
BIZ2-03-AP01,4270
LT7A-01-AP16,4271
UHALL-01-AP01,4272
LT7A-01-AP15,4273
TLAB-02-AP10,4274
UHALL-01-AP03,4275
TLAB-02-AP11,4276
UHALL-01-AP02,4277
TLAB-02-AP12,4278
LT7A-01-AP12,4279
LT7A-01-AP11,4280
LT7A-01-AP14,4281
LT7A-01-AP13,4282
SSLS-01-AP05,4283
SSLS-01-AP04,4284
TLAB-02-AP13,4285
TLAB-02-AP14,4286
TLAB-02-AP15,4287
TLAB-02-AP16,4288
RC1A-L4-AP03,4289
BIZ2-03-AP10,4290
RC1A-L4-AP04,4291
S6-02-AP2,4292
S6-02-AP3,4293
AS3-06-AP1,4294
RVG-03-AP11,4295
AS3-06-AP3,4296
MD1-L16-AP16,4297
MD1-L16-AP15,4298
LT34-01-AP07,4299
E1A-07-AP01,4300
LT34-01-AP08,4301
E1A-07-AP02,4302
LT34-01-AP05,4303
LT7A-01-AP10,4304
LT34-01-AP06,4305
RVG-03-AP15,4306
AS8-01-AP10,4307
LT34-01-AP03,4308
LT34-01-AP04,4309
LT34-01-AP01,4310
LT34-01-AP02,4311
E1A-07-AP09,4312
E1A-07-AP07,4313
E1A-07-AP08,4314
E1A-07-AP05,4315
E1A-07-AP06,4316
E1A-07-AP03,4317
E1A-07-AP04,4318
EC-L3-AP07,4319
E1A-07-AP13,4320
E1A-07-AP10,4321
E1A-07-AP11,4322
AH-01-AP03,4323
AH-01-AP09,4324
MD10-04-AP10,4325
MD10-04-AP11,4326
ERC-02-AP8,4327
ERC-02-AP9,4328
MD6-10-AP10,4329
ERC-02-AP3,4330
ERC-02-AP4,4331
ERC-02-AP5,4332
ERC-02-AP6,4333
MD6-10-AP14,4334
MD6-10-AP15,4335
MD6-10-AP12,4336
MD6-10-AP13,4337
ERC-02-AP2,4338
MD6-10-AP16,4339
MPH-01-AP10,4340
MPH-01-AP11,4341
MD10-04-AP06,4342
MD10-04-AP03,4343
BB-02-AP,4344
MD10-04-AP04,4345
MD10-04-AP01,4346
MD10-04-AP02,4347
MD10-04-AP09,4348
MD10-04-AP07,4349
MD10-04-AP08,4350
RVG-03-AP01,4351
RVG-03-AP02,4352
RVG-03-AP04,4353
RVG-03-AP05,4354
RVG-03-AP07,4355
TLAB-L11-AP02,4356
TLAB-L11-AP03,4357
UT25-01-AP9,4358
RC3-L2-AP17,4359
BTCH5-02-AP03,4360
RC3-L2-AP16,4361
UT25-01-AP8,4362
BTCH5-02-AP04,4363
RC3-L2-AP19,4364
BTCH5-02-AP01,4365
RC3-L2-AP18,4366
BTCH5-02-AP02,4367
RC3-L11-AP08,4368
TLAB-L11-AP08,4369
UT25-01-AP5,4370
PGPH18-02-AP02,4371
MD10-01-AP2,4372
UT25-01-AP4,4373
RC3-L11-AP07,4374
MD10-01-AP3,4375
UT25-01-AP7,4376
PGP13-01-AP1,4377
RC3-L11-AP06,4378
UT25-01-AP6,4379
RC3-L11-AP05,4380
MD10-01-AP1,4381
UT25-01-AP1,4382
TLAB-L11-AP04,4383
TLAB-L11-AP05,4384
TLAB-L11-AP06,4385
UT25-01-AP3,4386
MD10-01-AP4,4387
MD10-01-AP5,4388
RC3-L2-AP13,4389
RC3-L2-AP12,4390
RC3-L2-AP15,4391
BTCH5-02-AP05,4392
RC3-L2-AP14,4393
BTCH5-02-AP06,4394
RC3-L2-AP11,4395
RC3-L2-AP10,4396
RC3-L2-AP09,4397
RC3-L2-AP06,4398
RC3-L2-AP05,4399
PGPM-B1-AP3,4400
PGPM-B1-AP2,4401
RC3-L2-AP02,4402
RC3-L2-AP01,4403
RC3-L2-AP04,4404
RC3-L2-AP03,4405
EC-L3-AP12,4406
MD1-L3-AP1,4407
EC-L3-AP10,4408
CELS-02-AP4,4409
CELS-02-AP3,4410
CELS-02-AP2,4411
CELS-02-AP1,4412
S12-02-AP15,4413
MD1-L3-AP4,4414
S12-02-AP14,4415
MD1-L3-AP5,4416
S12-02-AP17,4417
MD1-L3-AP2,4418
S12-02-AP16,4419
MD1-L3-AP3,4420
MD1-L3-AP8,4421
MD1-L3-AP9,4422
S12-02-AP10,4423
MD1-L3-AP6,4424
S12-02-AP13,4425
MD1-L3-AP7,4426
MD1-L13-AP6,4427
AS8-04-AP9,4428
AS8-04-AP3,4429
AS8-04-AP4,4430
AS8-04-AP1,4431
AS8-04-AP2,4432
AS8-04-AP7,4433
MD1-L13-AP9,4434
AS8-04-AP8,4435
AS8-04-AP5,4436
ACTN-01-AP6,4437
AS8-04-AP6,4438
E3A-01-AP3,4439
E3A-01-AP4,4440
E3A-01-AP1,4441
E3A-01-AP2,4442
E3A-01-AP5,4443
E3A-01-AP6,4444
S12-02-AP04,4445
S12-02-AP03,4446
AS1-01-AP1,4447
HMK-BLK-D-01-AP01,4448
AS1-01-AP2,4449
HMK-BLK-D-01-AP02,4450
S12-02-AP02,4451
HMK-BLK-D-01-AP03,4452
MD3-04-AP4,4453
MD3-04-AP3,4454
MD6-14-AP7,4455
MD6-14-AP8,4456
MD6-14-AP5,4457
MD6-14-AP6,4458
UHC-01-AP01,4459
RC3-L18-AP04,4460
S11-04-AP1,4461
RC3-L18-AP01,4462
MD6-03-AP08,4463
RC3-L18-AP03,4464
RC3-L18-AP02,4465
MD6-03-AP05,4466
CELS-02-AP7,4467
CELS-02-AP6,4468
CLB-6-AP44,4469
MD6-03-AP01,4470
RC1A-L8-AP03,4471
RC1A-L8-AP02,4472
MD6-03-AP19,4473
MD6-03-AP18,4474
E4-B1-AP02,4475
MD6-03-AP17,4476
MD6-03-AP16,4477
S3-02-AP04,4478
S3-02-AP05,4479
RC1A-L8-AP04,4480
AS3-03-AP3,4481
MD6-03-AP11,4482
AS3-03-AP4,4483
AS3-03-AP1,4484
S3-02-AP01,4485
S3-02-AP02,4486
AS3-03-AP2,4487
MD6-03-AP15,4488
MD6-03-AP14,4489
MD6-03-AP13,4490
AS3-03-AP9,4491
AS3-03-AP7,4492
AS3-03-AP8,4493
AS3-03-AP5,4494
AS3-03-AP6,4495
MD6-03-AP29,4496
AS2-03-AP08,4497
MD6-03-AP28,4498
MD6-03-AP27,4499
AS2-03-AP06,4500
AS2-03-AP07,4501
AS2-03-AP04,4502
AS2-03-AP05,4503
MD6-03-AP22,4504
AS2-03-AP02,4505
AS2-03-AP03,4506
RVRTB-02-AP1,4507
MD6-03-AP20,4508
AS2-03-AP01,4509
RC3-L11-AP04,4510
RC3-L11-AP03,4511
RC3-L11-AP02,4512
RC3-L11-AP01,4513
MD6-03-AP23,4514
OSHE-01-AP1,4515
OSHE-01-AP2,4516
S1A-04-AP12,4517
RC3-L1-AP12,4518
RC3-L1-AP13,4519
RC3-L1-AP16,4520
RC3-L1-AP17,4521
RC3-L1-AP18,4522
RC3-L1-AP19,4523
LT51-01-AP01,4524
EW2-M-AP1,4525
S1A-04-AP13,4526
LT51-01-AP05,4527
LT51-01-AP04,4528
LT51-01-AP03,4529
LT51-01-AP02,4530
MD6-15-AP11,4531
SH-01-AP2,4532
SH-01-AP1,4533
AS1-03-AP07,4534
AS1-03-AP08,4535
AS1-03-AP05,4536
RC3-L1-AP20,4537
AS1-03-AP06,4538
RC3-L1-AP21,4539
ASN-01-AP4,4540
ASN-01-AP2,4541
ASN-01-AP3,4542
AS1-03-AP04,4543
AS1-03-AP01,4544
AS1-03-AP02,4545
BIZ2-03-AP7,4546
BIZ2-03-AP5,4547
SH-01-AP4,4548
ASN-01-AP1,4549
BIZ2-03-AP6,4550
SH-01-AP3,4551
SH-01-AP6,4552
BIZ2-03-AP4,4553
SH-01-AP5,4554
BIZ1-03-AP22,4555
BIZ1-03-AP23,4556
MD6-15-AP04,4557
BIZ1-03-AP20,4558
MD4-01-AP03,4559
MD6-15-AP03,4560
BIZ1-03-AP21,4561
S15-03-AP09,4562
S15-03-AP08,4563
S15-03-AP07,4564
S15-03-AP06,4565
S15-03-AP05,4566
S15-03-AP04,4567
CELS-05-AP5,4568
CELS-05-AP6,4569
S15-03-AP03,4570
LT18-01-AP02,4571
S15-03-AP02,4572
CELS-05-AP3,4573
S15-03-AP01,4574
LT18-01-AP01,4575
CELS-05-AP4,4576
MD4-01-AP08,4577
MD4-01-AP09,4578
CELS-05-AP8,4579
RC2-L17-AP07,4580
RC2-L17-AP06,4581
RC2-L17-AP05,4582
LT18-01-AP04,4583
BTCH5-01-AP05,4584
LT18-01-AP03,4585
RC2-L17-AP04,4586
BTCH5-01-AP04,4587
RC2-L17-AP03,4588
LT18-01-AP06,4589
LT18-01-AP05,4590
RC2-L17-AP02,4591
BTCH5-01-AP06,4592
RC2-L17-AP01,4593
RC3-L1-AP01,4594
RC3-L1-AP02,4595
RC3-L1-AP03,4596
RC3-L1-AP04,4597
RC3-L1-AP05,4598
RC3-L1-AP06,4599
RC3-L1-AP07,4600
RC3-L1-AP08,4601
MD11-05-AP09,4602
RC3-L1-AP09,4603
E1A-02-AP06,4604
E1A-02-AP07,4605
E1A-02-AP04,4606
BTCH5-01-AP01,4607
E1A-02-AP05,4608
E1A-02-AP02,4609
BTCH5-01-AP03,4610
E1A-02-AP03,4611
BTCH5-01-AP02,4612
MD11-05-AP02,4613
RVG-02-AP03,4614
RVG-02-AP01,4615
ERC-B1-AP06,4616
E3A-04-AP01,4617
RVG-02-AP06,4618
RVG-02-AP05,4619
ERC-B1-AP08,4620
RVG-02-AP04,4621
RC1A-L10-AP08,4622
RC1A-L10-AP07,4623
RC1A-L10-AP09,4624
RC1A-L10-AP06,4625
RC1A-L10-AP05,4626
MD11-05-AP11,4627
KHY-B1-AP10,4628
MD4-01-AP10,4629
KHY-B1-AP12,4630
KHY-B1-AP11,4631
KHY-B1-AP13,4632
RVRTB-05-AP1,4633
EHALLC-02-AP1,4634
RC2-L6-AP01,4635
AS5-06-AP03,4636
PGPH17-02-AP1,4637
RC2-L6-AP06,4638
AS6-02-AP5,4639
AS6-02-AP1,4640
RC2-L6-AP02,4641
AS6-02-AP2,4642
RC2-L6-AP03,4643
RC2-L6-AP04,4644
AS6-02-AP3,4645
AS6-02-AP4,4646
RC2-L6-AP05,4647
AS1-03-AP10,4648
E5-B1-AP1,4649
HMK-BLK-E-02-AP05,4650
AS1-03-AP11,4651
E5-B1-AP2,4652
HMK-BLK-E-02-AP02,4653
HMK-BLK-E-02-AP01,4654
HMK-BLK-E-02-AP04,4655
AS1-03-AP12,4656
AS1-03-AP13,4657
HMK-BLK-E-02-AP03,4658
E3A-04-AP16,4659
E3A-04-AP13,4660
AS5-06-AP04,4661
E3A-04-AP14,4662
AS5-06-AP05,4663
RC3-L2-AP31,4664
RC3-L2-AP30,4665
RC3-L2-AP33,4666
E3A-04-AP17,4667
RC3-L2-AP32,4668
E3A-04-AP18,4669
ERC-B1-AP13,4670
ERC-B1-AP16,4671
ERC-B1-AP15,4672
ERC-B1-AP18,4673
RC3-L2-AP28,4674
E3A-04-AP11,4675
ERC-B1-AP17,4676
RC3-L2-AP27,4677
E3A-04-AP12,4678
E3A-04-AP10,4679
ERC-B1-AP10,4680
ERC-B1-AP12,4681
ERC-B1-AP11,4682
CNM-01-AP1,4683
CNM-01-AP3,4684
CNM-01-AP2,4685
RC3-L2-AP24,4686
RC3-L2-AP23,4687
E3A-04-AP05,4688
RC3-L2-AP26,4689
E3A-04-AP02,4690
E3A-04-AP03,4691
RC3-L2-AP25,4692
S4A-02-AP2,4693
E3A-04-AP08,4694
RC3-L2-AP20,4695
E3A-04-AP09,4696
E3A-04-AP06,4697
RC3-L2-AP22,4698
AP2c5a.0f76.05bd,4699
RC3-L2-AP21,4700
E3A-04-AP07,4701
OTH-02-AP06,4702
OTH-02-AP07,4703
LIB-01-AP11,4704
LIB-01-AP10,4705
LIB-01-AP13,4706
LIB-01-AP12,4707
LIB-01-AP15,4708
LIB-01-AP14,4709
LIB-01-AP17,4710
LIB-01-AP16,4711
LIB-01-AP19,4712
LIB-01-AP18,4713
OTH-02-AP08,4714
OTH-02-AP09,4715
AS8-07-AP3,4716
EA-07-AP09,4717
AS8-07-AP5,4718
EA-07-AP08,4719
AS8-07-AP4,4720
EA-07-AP07,4721
EA-07-AP04,4722
EA-07-AP03,4723
AS5-05-AP11,4724
EA-07-AP02,4725
AS5-05-AP10,4726
AS8-07-AP7,4727
RC1B-L4-AP51,4728
RC1B-L4-AP52,4729
RC1B-L4-AP53,4730
AS8-07-AP8,4731
OTH-02-AP18,4732
OTH-02-AP16,4733
OTH-02-AP11,4734
LIB-01-AP03,4735
LIB-01-AP06,4736
LIB-01-AP05,4737
LIB-01-AP08,4738
LIB-01-AP07,4739
E6-07-AP09,4740
LIB-01-AP09,4741
E6-07-AP07,4742
E6-07-AP08,4743
EA-07-AP19,4744
EA-07-AP18,4745
E6-07-AP12,4746
E6-07-AP10,4747
EA-07-AP15,4748
E6-07-AP11,4749
EA-07-AP14,4750
EA-07-AP11,4751
AS8-07-AP25,4752
AS8-07-AP27,4753
E2-04-AP17,4754
E2-04-AP15,4755
E2-04-AP16,4756
E2-04-AP13,4757
E2-04-AP14,4758
E2-04-AP12,4759
E2-04-AP10,4760
LT35-01-AP02,4761
E6-07-AP05,4762
E6-07-AP06,4763
LT35-01-AP03,4764
E6-07-AP03,4765
LT35-01-AP01,4766
E6-07-AP04,4767
LT35-01-AP06,4768
E6-07-AP01,4769
LT35-01-AP07,4770
E6-07-AP02,4771
LT35-01-AP04,4772
LT35-01-AP05,4773
S1A-01-AP1,4774
E2-04-AP08,4775
E2-04-AP09,4776
AS5-05-AP08,4777
E2-04-AP07,4778
AS5-05-AP07,4779
AS5-05-AP09,4780
E2-04-AP05,4781
AS5-05-AP04,4782
AS5-05-AP03,4783
E2-04-AP03,4784
AS5-05-AP06,4785
E2-04-AP01,4786
AS5-05-AP05,4787
RC1A-L11-AP06,4788
RC1A-L11-AP07,4789
LT35-01-AP08,4790
RC1A-L11-AP05,4791
LT35-01-AP09,4792
RC1A-L11-AP08,4793
S5-02-AP05,4794
LT35-01-AP11,4795
S5-02-AP08,4796
LT35-01-AP12,4797
S5-02-AP01,4798
KR12-01-AP1,4799
WT-02-AP03,4800
WT-02-AP02,4801
AS5-05-AP02,4802
WT-02-AP04,4803
AS5-05-AP01,4804
LT35-01-AP10,4805
S5-02-AP09,4806
WT-02-AP01,4807
BIZ1-03-AP04,4808
BIZ1-03-AP05,4809
CRE-02-AP1,4810
BIZ1-03-AP03,4811
CRE-02-AP2,4812
BIZ1-03-AP01,4813
AP005d.7393.1ec4,4814
E1-04-AP10,4815
CRE-02-AP7,4816
CRE-02-AP8,4817
E1-04-AP09,4818
CRE-02-AP9,4819
BIZ1-03-AP08,4820
CRE-02-AP3,4821
BIZ1-03-AP09,4822
CRE-02-AP4,4823
BIZ1-03-AP06,4824
BIZ1-03-AP07,4825
CRE-02-AP6,4826
EA-01-AP1,4827
BIZ1-03-AP15,4828
E1-04-AP02,4829
BIZ1-03-AP16,4830
E1-04-AP01,4831
E1-04-AP04,4832
BIZ1-03-AP13,4833
E1-04-AP03,4834
BIZ1-03-AP14,4835
BIZ1-03-AP11,4836
CELS-05-AP1,4837
E1-04-AP06,4838
BIZ1-03-AP12,4839
CELS-05-AP2,4840
E1-04-AP05,4841
E1-04-AP08,4842
PGPH15-01-AP2,4843
BIZ1-03-AP10,4844
E1-04-AP07,4845
PGPH15-01-AP1,4846
EA-01-AP9,4847
EA-01-AP8,4848
EA-01-AP7,4849
EA-01-AP6,4850
EA-01-AP5,4851
EA-01-AP4,4852
EA-01-AP3,4853
MD6-04-AP1,4854
RC2-L16-AP03,4855
RC2-L16-AP04,4856
PGPH17-01-AP02,4857
RC2-L16-AP01,4858
RC2-L16-AP02,4859
RC2-L16-AP05,4860
RC2-L16-AP06,4861
MD6-04-AP9,4862
MD6-04-AP8,4863
MD6-04-AP7,4864
BIZ1-03-AP19,4865
BIZ1-03-AP17,4866
MD6-04-AP3,4867
BIZ1-03-AP18,4868
MD6-04-AP2,4869
LKS-02-AP4,4870
EW2-02-AP12,4871
EW2-02-AP13,4872
EW2-02-AP10,4873
TLAB-07-AP13,4874
EW2-02-AP11,4875
TLAB-07-AP12,4876
MD6-10-AP2,4877
RC1A-L9-AP09,4878
MD6-10-AP1,4879
EW2-02-AP14,4880
UCC-03-AP04,4881
RC1A-L9-AP06,4882
MD6-10-AP5,4883
UCC-03-AP03,4884
RC1A-L9-AP07,4885
E1A-M-AP1,4886
RC1A-L9-AP08,4887
MD6-10-AP3,4888
EA-07-AP25,4889
MD6-10-AP9,4890
EA-07-AP24,4891
EA-07-AP23,4892
UCC-03-AP09,4893
EA-07-AP22,4894
EA-07-AP20,4895
LIB-01-AP20,4896
LIB-01-AP22,4897
LIB-01-AP21,4898
PGPH4-01-AP02,4899
PGPH4-01-AP01,4900
AH-02-AP4,4901
ETS-01-AP3,4902
EW2-02-AP01,4903
EW2-02-AP02,4904
AH-02-AP8,4905
TLAB-07-AP01,4906
EW2-02-AP05,4907
CELS-B1-AP1,4908
EW2-02-AP06,4909
EW2-02-AP03,4910
EW2-02-AP04,4911
CELS-B1-AP4,4912
EW2-02-AP09,4913
CELS-B1-AP5,4914
CELS-B1-AP6,4915
EW2-02-AP07,4916
i3-05-AP10,4917
EA-07-AP32,4918
EA-07-AP31,4919
PGP16-01-AP1,4920
SCICNT-02-AP01,4921
LT27-01-AP07,4922
SCICNT-02-AP02,4923
LT27-01-AP08,4924
LT27-01-AP05,4925
LT27-01-AP06,4926
LT27-01-AP09,4927
LT27-01-AP10,4928
SNRC-01-AP02,4929
LT27-01-AP11,4930
SNRC-01-AP03,4931
SNRC-01-AP04,4932
SNRC-01-AP05,4933
LT27-01-AP14,4934
LT27-01-AP15,4935
LT27-01-AP12,4936
LT27-01-AP13,4937
SNRC-01-AP01,4938
RC2-L11-AP02,4939
RC2-L11-AP03,4940
RC2-L11-AP06,4941
AS4-05-AP05,4942
RC2-L11-AP07,4943
CNLIB-06-AP13,4944
AS4-05-AP04,4945
RC2-L11-AP04,4946
CNLIB-06-AP14,4947
RC2-L11-AP05,4948
CNLIB-06-AP10,4949
CNLIB-06-AP11,4950
LT27-01-AP18,4951
LT27-01-AP19,4952
LT27-01-AP16,4953
LT27-01-AP17,4954
MD4-03-AP3,4955
ERC-01-AP01,4956
MD4-03-AP1,4957
MD4-03-AP2,4958
ERC-01-AP02,4959
AS4-05-AP01,4960
AS4-05-AP03,4961
AS4-05-AP02,4962
AS2-04-AP08,4963
ERC-01-AP16,4964
ERC-01-AP15,4965
AS2-04-AP07,4966
CNLIB-06-AP03,4967
ERC-01-AP18,4968
CNLIB-06-AP04,4969
ERC-01-AP17,4970
AS2-04-AP05,4971
MD6-08-AP12,4972
MD6-08-AP11,4973
ERC-01-AP19,4974
MD6-08-AP10,4975
AS2-04-AP09,4976
CNLIB-06-AP09,4977
MD6-08-AP16,4978
ERC-01-AP10,4979
MD6-08-AP14,4980
MD6-08-AP13,4981
CNLIB-06-AP05,4982
ERC-01-AP12,4983
SNRC-01-AP17,4984
CNLIB-06-AP06,4985
ERC-01-AP11,4986
SNRC-01-AP18,4987
CNLIB-06-AP07,4988
ERC-01-AP14,4989
ERC-01-AP13,4990
CNLIB-06-AP08,4991
RC3-L12-AP01,4992
AS2-04-AP04,4993
RC3-L12-AP02,4994
RC3-L12-AP03,4995
AS2-04-AP02,4996
RC3-L12-AP04,4997
AS2-04-AP01,4998
RC3-L12-AP05,4999
ERC-01-AP27,5000
ERC-01-AP26,5001
ERC-01-AP28,5002
AS2-04-AP16,5003
MD6-08-AP01,5004
S4-05-AP1,5005
SCICNT-02-AP12,5006
SCICNT-02-AP10,5007
ERC-01-AP21,5008
SCICNT-02-AP11,5009
MD6-08-AP02,5010
ERC-01-AP20,5011
ERC-01-AP23,5012
MD6-08-AP09,5013
SNRC-01-AP06,5014
ERC-01-AP22,5015
SNRC-01-AP07,5016
ERC-01-AP25,5017
SNRC-01-AP08,5018
ERC-01-AP24,5019
SNRC-01-AP09,5020
SCICNT-02-AP09,5021
SNRC-01-AP13,5022
MD1-12-AP21,5023
SCICNT-02-AP07,5024
SCICNT-02-AP08,5025
SNRC-01-AP16,5026
SCICNT-02-AP05,5027
LT27-01-AP03,5028
SCICNT-02-AP06,5029
LT27-01-AP04,5030
LT27-01-AP01,5031
SCICNT-02-AP03,5032
SNRC-01-AP11,5033
LT27-01-AP02,5034
SCICNT-02-AP04,5035
RC3-L7-AP10,5036
AS2-04-AP10,5037
AS2-04-AP15,5038
AS2-04-AP14,5039
AS2-04-AP13,5040
MD1-12-AP22,5041
AS2-04-AP12,5042
ERC-01-AP38,5043
ERC-01-AP37,5044
ERC-01-AP39,5045
SDWA-02-AP1,5046
MD1-12-AP19,5047
UHC-02-AP06,5048
ERC-01-AP30,5049
UHC-02-AP05,5050
ERC-01-AP32,5051
UHC-02-AP04,5052
UHC-02-AP03,5053
ERC-01-AP31,5054
ERC-01-AP34,5055
ERC-01-AP33,5056
ERC-01-AP36,5057
UHC-02-AP08,5058
UHC-02-AP07,5059
ERC-01-AP35,5060
RC2-L1-AP23,5061
RC2-L1-AP24,5062
RC2-L1-AP25,5063
RC2-L1-AP26,5064
MD7-03-AP10,5065
RC2-L1-AP20,5066
RC2-L1-AP21,5067
LT19-01-AP01,5068
RC2-L1-AP22,5069
MD1-12-AP18,5070
MD1-12-AP15,5071
MD1-12-AP13,5072
MD1-12-AP14,5073
ERC-01-AP49,5074
ERC-01-AP48,5075
ERC-01-AP41,5076
LT19-01-AP03,5077
ERC-01-AP40,5078
LT19-01-AP02,5079
LT19-01-AP05,5080
ERC-01-AP42,5081
LT19-01-AP04,5082
ERC-01-AP45,5083
RC2-L1-AP16,5084
LT19-01-AP07,5085
ERC-01-AP44,5086
RC2-L1-AP17,5087
LT19-01-AP06,5088
LT19-01-AP09,5089
ERC-01-AP47,5090
RC2-L1-AP18,5091
ERC-01-AP46,5092
RC2-L1-AP19,5093
LT19-01-AP08,5094
RC2-L1-AP12,5095
RC2-L1-AP13,5096
RC2-L1-AP14,5097
RC2-L1-AP15,5098
UHC-02-AP02,5099
RC2-L1-AP11,5100
MD1-12-AP06,5101
MD1-12-AP07,5102
MD1-12-AP05,5103
MD1-12-AP02,5104
MD1-12-AP03,5105
MD1-12-AP01,5106
RC2-L1-AP09,5107
E3-05-AP07,5108
E3-05-AP06,5109
E3-05-AP05,5110
RC2-L1-AP05,5111
E3-05-AP03,5112
RC2-L1-AP06,5113
E3-05-AP02,5114
E3-05-AP01,5115
RC2-L1-AP08,5116
RC2-L1-AP01,5117
RC2-L1-AP02,5118
RC2-L1-AP03,5119
RC2-L1-AP04,5120
FED-02-AP05,5121
FED-02-AP04,5122
MD7-03-AP6,5123
MD7-03-AP5,5124
RC1A-L16-AP04,5125
RC1A-L16-AP03,5126
RC1A-L16-AP02,5127
RC1A-L16-AP01,5128
MD7-03-AP08,5129
S8-04-AP11,5130
MD7-03-AP07,5131
MD7-03-AP2,5132
MD7-03-AP3,5133
RC1A-L16-AP05,5134
MD7-03-AP1,5135
S8-04-AP10,5136
LKC-04-AP1,5137
S7-01-AP1,5138
WC-L2-AP9,5139
WC-L2-AP8,5140
WC-L2-AP7,5141
WC-L2-AP6,5142
WC-L2-AP5,5143
S1A-05-AP3,5144
S1A-05-AP1,5145
S1A-05-AP2,5146
APb026.8088.1c7c,5147
E3-05-AP10,5148
AP0022.bd1b.adbb,5149
MD1-L11-AP11,5150
MD1-L11-AP10,5151
BIZ2-04-AP03,5152
E3-05-AP14,5153
E3-05-AP13,5154
MD1-L11-AP16,5155
E3-05-AP12,5156
E3-05-AP11,5157
MD1-L11-AP18,5158
WC-L2-AP4,5159
WC-L2-AP3,5160
WC-L2-AP2,5161
WC-L2-AP1,5162
E3-05-AP09,5163
E3-05-AP08,5164
CC-01-AP03,5165
CELS-01-AP01,5166
SDE2-01-10,5167
CC-01-AP01,5168
MD2-02-AP2,5169
CLIB-01-AP3,5170
CLIB-01-AP4,5171
S17-04-AP04,5172
S17-04-AP07,5173
S17-04-AP01,5174
S7-01-AP3,5175
S7-01-AP2,5176
S17-04-AP03,5177
S17-04-AP02,5178
S7-01-AP4,5179
I3-AU-01-AP04,5180
I3-AU-01-AP03,5181
I3-AU-01-AP06,5182
I3-AU-01-AP05,5183
I3-AU-01-AP08,5184
I3-AU-01-AP07,5185
I3-AU-01-AP09,5186
UHALL-02-AP21,5187
UHALL-02-AP20,5188
BB-05-AP18,5189
BB-05-AP17,5190
YIH-05-AP1,5191
I3-AU-01-AP02,5192
I3-AU-01-AP01,5193
BB-05-AP19,5194
BB-05-AP14,5195
LT9-01-AP02,5196
E6-01-AP13,5197
UHALL-02-AP18,5198
UHALL-02-AP19,5199
BB-05-AP13,5200
LT9-01-AP01,5201
YIH-05-AP2,5202
E6-01-AP12,5203
BB-05-AP16,5204
LT9-01-AP04,5205
RC3-L7-AP09,5206
UHALL-02-AP16,5207
BB-05-AP15,5208
LT9-01-AP03,5209
RC3-L7-AP08,5210
E6-01-AP14,5211
UHALL-02-AP17,5212
LT9-01-AP06,5213
RC3-L7-AP03,5214
LT9-01-AP05,5215
RC3-L7-AP02,5216
CELC-03-AP18,5217
LT9-01-AP08,5218
BB-05-AP12,5219
LT9-01-AP07,5220
VENT-02-AP07,5221
LT9-01-AP09,5222
CELC-03-AP11,5223
CELC-03-AP10,5224
CELC-03-AP13,5225
CELC-03-AP12,5226
I3-AU-01-AP11,5227
I3-AU-01-AP10,5228
E6-01-AP11,5229
E6-01-AP02,5230
VENT-02-AP10,5231
CELC-03-AP04,5232
CELC-03-AP03,5233
VENT-02-AP12,5234
VENT-02-AP11,5235
CELC-03-AP08,5236
BB-05-AP20,5237
CELC-03-AP07,5238
BB-05-AP22,5239
S15-03-AP12,5240
S15-03-AP11,5241
S15-03-AP10,5242
CELC-03-AP02,5243
AS7-01-AP2,5244
AS7-01-AP1,5245
BIZ2-04-AP16,5246
USC-01-AP03,5247
MD9-04-AP08,5248
USC-01-AP04,5249
BIZ2-04-AP15,5250
MD9-04-AP07,5251
BIZ2-04-AP14,5252
USC-01-AP01,5253
BIZ2-04-AP13,5254
USC-01-AP02,5255
MD9-04-AP09,5256
BIZ2-04-AP12,5257
MD9-04-AP04,5258
BIZ2-04-AP11,5259
MD9-04-AP03,5260
LT7A-01-AP7,5261
RC1A-L3-AP06,5262
LT7A-01-AP6,5263
RC1A-L3-AP05,5264
LT7A-01-AP5,5265
MD9-04-AP02,5266
LT7A-01-AP3,5267
BIZ2-04-AP19,5268
BIZ2-04-AP18,5269
BIZ2-04-AP17,5270
LT7A-01-AP9,5271
LT7A-01-AP8,5272
MD6-08-AP5,5273
UHALL-02-AP10,5274
UHALL-02-AP14,5275
UHALL-02-AP15,5276
UHALL-02-AP07,5277
MD9-04-AP11,5278
UHALL-02-AP05,5279
UHALL-02-AP06,5280
MD9-04-AP12,5281
UHALL-02-AP09,5282
PGPH18-01-AP1,5283
AS7-01-AP9,5284
AS7-01-AP8,5285
AS7-01-AP7,5286
AS7-01-AP6,5287
AS7-01-AP5,5288
MD6-08-AP8,5289
MD6-08-AP7,5290
AS7-01-AP4,5291
AS7-01-AP3,5292
MD6-08-AP6,5293
